Timestamp_ms,Price (€/MWh),datetime_utc,north_wind_temperature_2m,north_wind_apparent_temperature,north_wind_relative_humidity_2m,north_wind_surface_pressure,north_wind_wind_speed_10m,north_wind_wind_speed_100m,north_wind_wind_direction_10m,north_wind_wind_direction_100m,north_wind_shortwave_radiation,north_wind_direct_normal_irradiance,north_wind_diffuse_radiation,north_wind_cloud_cover,north_wind_cloud_cover_low,north_wind_cloud_cover_mid,north_wind_cloud_cover_high,north_wind_snow_depth,south_solar_temperature_2m,south_solar_apparent_temperature,south_solar_relative_humidity_2m,south_solar_surface_pressure,south_solar_wind_speed_10m,south_solar_wind_speed_100m,south_solar_wind_direction_10m,south_solar_wind_direction_100m,south_solar_shortwave_radiation,south_solar_direct_normal_irradiance,south_solar_diffuse_radiation,south_solar_cloud_cover,south_solar_cloud_cover_low,south_solar_cloud_cover_mid,south_solar_cloud_cover_high,south_solar_snow_depth,ind_demand_temperature_2m,ind_demand_apparent_temperature,ind_demand_relative_humidity_2m,ind_demand_surface_pressure,ind_demand_wind_speed_10m,ind_demand_wind_speed_100m,ind_demand_wind_direction_10m,ind_demand_wind_direction_100m,ind_demand_shortwave_radiation,ind_demand_direct_normal_irradiance,ind_demand_diffuse_radiation,ind_demand_cloud_cover,ind_demand_cloud_cover_low,ind_demand_cloud_cover_mid,ind_demand_cloud_cover_high,ind_demand_snow_depth,HDD,CDD,datetime_berlin,Natural_Gas_Price,Carbon_Proxy_Price,Oil_Proxy_Price
1785448800000,168.21,2026-07-30 22:00:00,18.0,19.3,90.0,1016.5,6.0,12.8,273.0,281.0,0.0,0.0,0.0,17.0,16.0,2.0,0.0,0.0,23.9,23.5,49.0,961.0,7.5,19.8,8.0,15.0,0.0,0.0,0.0,6.0,0.0,6.0,0.0,0.0,21.3,23.2,72.0,1012.4,0.4,3.4,117.0,238.0,0.0,0.0,0.0,24.0,1.0,0.0,23.0,0.0,0.0,3.3000000000000007,2026-07-30 22:00:00,60.41999816894531,33.439998626708984,90.73999786376953
1785452400000,162.95,2026-07-30 23:00:00,17.6,18.9,92.0,1016.3,5.8,12.4,284.0,291.0,0.0,0.0,0.0,8.0,7.0,0.0,1.0,0.0,22.6,21.8,54.0,961.1,11.1,22.4,320.0,325.0,0.0,0.0,0.0,0.0,0.0,0.0,0.0,0.0,20.8,22.6,72.0,1012.0,0.7,1.9,104.0,241.0,0.0,0.0,0.0,91.0,0.0,0.0,91.0,0.0,0.0,2.8000000000000007,2026-07-30 23:00:00,60.41999816894531,33.439998626708984,90.73999786376953
1785456000000,155.16,2026-07-31 00:00:00,16.9,18.2,94.0,1016.2,5.1,11.3,297.0,313.0,0.0,0.0,0.0,76.0,2.0,0.0,76.0,0.0,20.5,21.3,64.0,961.0,2.2,5.7,246.0,328.0,0.0,0.0,0.0,0.0,0.0,0.0,0.0,0.0,19.7,21.8,81.0,1012.0,0.9,3.0,101.0,73.0,0.0,0.0,0.0,48.0,0.0,2.0,48.0,0.0,0.0,1.6999999999999993,2026-07-31 00:00:00,60.41999816894531,33.439998626708984,90.73999786376953
1785459600000,154.17,2026-07-31 01:00:00,17.1,18.6,92.0,1015.8,3.0,7.1,287.0,311.0,0.0,0.0,0.0,19.0,3.0,0.0,16.0,0.0,19.6,19.8,66.0,960.8,4.7,6.1,212.0,220.0,0.0,0.0,0.0,0.0,0.0,0.0,0.0,0.0,19.5,21.1,81.0,1012.0,3.3,8.2,131.0,147.0,0.0,0.0,0.0,99.0,0.0,1.0,99.0,0.0,0.0,1.5,2026-07-31 01:00:00,60.41999816894531,33.439998626708984,90.73999786376953
1785463200000,157.34,2026-07-31 02:00:00,16.9,18.7,92.0,1015.8,0.9,3.6,259.0,311.0,0.0,0.0,0.0,94.0,9.0,0.0,93.0,0.0,19.2,20.0,68.0,960.6,1.3,4.7,214.0,196.0,0.0,0.0,0.0,5.0,0.0,5.0,0.0,0.0,19.1,20.8,83.0,1011.7,2.8,7.0,108.0,148.0,0.0,0.0,0.0,92.0,0.0,1.0,92.0,0.0,0.0,1.1000000000000014,2026-07-31 02:00:00,60.41999816894531,33.439998626708984,90.73999786376953
1785466800000,165.51,2026-07-31 03:00:00,16.2,18.0,96.0,1016.0,0.5,1.7,225.0,311.0,0.0,0.0,0.0,84.0,27.0,0.0,78.0,0.0,18.7,19.4,70.0,960.1,2.1,6.9,195.0,187.0,0.0,0.0,0.0,0.0,0.0,0.0,0.0,0.0,19.0,20.5,82.0,1011.5,3.9,8.0,127.0,153.0,0.0,0.0,0.0,93.0,0.0,0.0,93.0,0.0,0.0,1.0,2026-07-31 03:00:00,60.41999816894531,33.439998626708984,90.73999786376953
1785470400000,179.09,2026-07-31 04:00:00,15.7,17.3,98.0,1016.0,1.5,2.3,150.0,113.0,1.0,0.0,1.0,100.0,61.0,11.0,100.0,0.0,18.4,19.1,71.0,959.9,1.9,7.7,197.0,196.0,1.0,0.0,1.0,0.0,0.0,0.0,0.0,0.0,18.6,20.2,85.0,1011.2,3.2,6.5,137.0,167.0,0.0,0.0,0.0,94.0,0.0,11.0,94.0,0.0,0.0,0.6000000000000014,2026-07-31 04:00:00,60.41999816894531,33.439998626708984,90.73999786376953
1785474000000,172.53,2026-07-31 05:00:00,16.5,17.5,96.0,1016.0,6.0,7.8,151.0,132.0,40.0,30.0,37.0,100.0,77.0,2.0,99.0,0.0,20.3,21.0,63.0,960.0,1.5,4.7,7.0,196.0,60.0,313.8,27.0,2.0,0.0,2.0,0.0,0.0,19.0,20.5,84.0,1011.1,4.8,7.6,146.0,165.0,31.0,82.1,24.0,99.0,0.0,24.0,99.0,0.0,0.0,1.0,2026-07-31 05:00:00,60.41999816894531,33.439998626708984,90.73999786376953
1785477600000,159.08,2026-07-31 06:00:00,17.0,18.4,96.0,1016.0,5.2,9.3,110.0,108.0,121.0,89.7,99.0,100.0,79.0,2.0,99.0,0.0,22.6,23.4,57.0,960.7,2.0,0.0,27.0,270.0,200.0,541.1,58.0,2.0,0.0,2.0,0.0,0.0,19.4,21.1,84.0,1011.3,4.4,9.6,142.0,168.0,118.0,149.8,85.0,99.0,0.0,20.0,99.0,0.0,0.0,1.3999999999999986,2026-07-31 06:00:00,60.41999816894531,33.439998626708984,90.73999786376953
1785481200000,139.39,2026-07-31 07:00:00,18.6,20.0,92.0,1015.8,8.3,12.8,96.0,100.0,223.0,150.9,164.0,98.0,27.0,30.0,97.0,0.0,25.1,25.7,48.0,961.0,3.2,4.2,74.0,85.0,350.0,632.7,83.0,6.0,0.0,4.0,2.0,0.0,20.8,22.8,79.0,1011.1,3.7,7.5,151.0,165.0,209.0,138.9,157.0,99.0,0.0,9.0,99.0,0.0,0.0,2.8000000000000007,2026-07-31 07:00:00,60.41999816894531,33.439998626708984,90.73999786376953
1785484800000,119.61,2026-07-31 08:00:00,19.9,20.6,82.0,1015.6,11.2,13.8,101.0,102.0,342.0,269.3,200.0,91.0,41.0,30.0,82.0,0.0,27.7,27.9,41.0,960.9,4.9,6.6,114.0,119.0,515.0,736.5,96.0,9.0,0.0,4.0,5.0,0.0,22.6,24.8,72.0,1011.1,3.1,4.8,190.0,195.0,318.0,184.8,222.0,100.0,0.0,12.0,100.0,0.0,0.0,4.600000000000001,2026-07-31 08:00:00,60.41999816894531,33.439998626708984,90.73999786376953
1785488400000,101.17,2026-07-31 09:00:00,21.2,21.5,72.0,1015.3,11.8,14.8,111.0,113.0,421.0,273.0,245.0,91.0,30.0,16.0,86.0,0.0,29.9,30.4,35.0,960.7,6.0,8.1,139.0,143.0,654.0,792.0,105.0,7.0,0.0,1.0,7.0,0.0,24.5,26.3,63.0,1010.9,4.4,5.9,235.0,239.0,472.0,318.9,266.0,98.0,0.0,48.0,95.0,0.0,0.0,6.5,2026-07-31 09:00:00,60.41999816894531,33.439998626708984,90.73999786376953
1785492000000,94.12,2026-07-31 10:00:00,22.9,23.0,61.0,1014.9,12.0,15.2,136.0,137.0,569.0,437.8,247.0,70.0,38.0,29.0,37.0,0.0,31.6,32.4,30.0,960.2,7.3,9.6,155.0,157.0,766.0,844.5,102.0,5.0,0.0,5.0,0.0,0.0,25.9,27.8,56.0,1010.8,4.4,6.3,249.0,252.0,616.0,473.8,263.0,98.0,0.0,49.0,98.0,0.0,0.0,7.899999999999999,2026-07-31 10:00:00,60.41999816894531,33.439998626708984,90.73999786376953
1785495600000,83.27,2026-07-31 11:00:00,23.9,24.1,57.0,1014.1,11.1,13.8,173.0,173.0,594.0,451.3,236.0,98.0,38.0,59.0,96.0,0.0,32.9,33.5,27.0,959.7,9.6,12.5,185.0,185.0,823.0,846.9,110.0,5.0,0.0,5.0,0.0,0.0,27.0,28.5,50.0,1010.4,8.9,12.4,256.0,257.0,706.0,575.3,240.0,78.0,15.0,49.0,59.0,0.0,0.0,9.0,2026-07-31 11:00:00,60.41999816894531,33.439998626708984,90.73999786376953
1785499200000,86.29,2026-07-31 12:00:00,24.3,24.3,58.0,1013.7,12.3,15.4,185.0,185.0,462.0,189.2,308.0,89.0,20.0,26.0,84.0,0.0,34.7,34.4,22.0,959.0,11.9,15.8,214.0,215.0,823.0,817.6,123.0,23.0,0.0,23.0,0.0,0.0,27.5,28.3,50.0,1010.1,12.0,16.5,282.0,281.0,631.0,448.5,256.0,68.0,12.0,46.0,38.0,0.0,0.0,9.5,2026-07-31 12:00:00,60.41999816894531,33.439998626708984,90.73999786376953
1785502800000,103.14,2026-07-31 13:00:00,23.6,24.4,65.0,1013.4,10.4,13.7,256.0,240.0,507.0,280.0,284.0,81.0,3.0,14.0,78.0,0.0,34.8,33.9,21.0,958.1,12.0,16.3,224.0,225.0,744.0,731.7,138.0,30.0,0.0,23.0,9.0,0.0,27.0,28.2,52.0,1009.6,11.4,15.6,285.0,284.0,692.0,633.8,171.0,45.0,17.0,27.0,17.0,0.0,0.0,9.0,2026-07-31 13:00:00,60.41999816894531,33.439998626708984,90.73999786376953
1785506400000,120.87,2026-07-31 14:00:00,20.5,20.6,83.0,1013.7,18.2,21.5,343.0,340.0,564.0,519.2,179.0,62.0,30.0,45.0,16.0,0.0,34.9,33.0,21.0,958.0,15.7,21.8,239.0,240.0,664.0,668.6,156.0,33.0,0.0,31.0,2.0,0.0,26.3,27.6,55.0,1010.1,10.0,14.2,262.0,262.0,623.0,571.3,184.0,43.0,30.0,24.0,5.0,0.0,0.0,8.3,2026-07-31 14:00:00,60.41999816894531,33.439998626708984,90.73999786376953
1785510000000,147.49,2026-07-31 15:00:00,20.1,19.1,79.0,1013.9,22.0,27.5,359.0,360.0,545.0,564.8,176.0,16.0,10.0,5.0,1.0,0.0,34.5,32.0,22.0,957.8,16.2,23.1,266.0,267.0,539.0,625.3,129.0,50.0,0.0,27.0,32.0,0.0,27.2,28.3,53.0,1010.0,9.0,12.7,296.0,293.0,557.0,603.8,147.0,18.0,4.0,14.0,1.0,0.0,0.0,9.2,2026-07-31 15:00:00,60.41999816894531,33.439998626708984,90.73999786376953
1785513600000,162.31,2026-07-31 16:00:00,19.5,18.6,79.0,1014.2,19.5,24.9,355.0,356.0,389.0,463.2,140.0,17.0,8.0,10.0,0.0,0.0,33.4,30.3,22.0,958.4,19.0,28.2,285.0,284.0,370.0,449.5,135.0,96.0,0.0,41.0,93.0,0.0,27.2,27.5,49.0,1009.7,10.6,14.9,300.0,300.0,473.0,648.4,110.0,20.0,11.0,11.0,0.0,0.0,0.0,9.2,2026-07-31 16:00:00,60.41999816894531,33.439998626708984,90.73999786376953
1785517200000,184.89,2026-07-31 17:00:00,18.9,17.6,79.0,1014.2,20.7,27.0,353.0,354.0,319.0,556.9,95.0,14.0,2.0,13.0,0.0,0.0,31.8,29.2,24.0,957.9,15.3,23.9,311.0,310.0,182.0,159.3,123.0,93.0,0.0,10.0,92.0,0.0,26.2,26.3,51.0,1009.6,10.8,15.4,317.0,318.0,306.0,513.1,91.0,84.0,13.0,11.0,80.0,0.0,0.0,8.2,2026-07-31 17:00:00,60.41999816894531,33.439998626708984,90.73999786376953
1785520800000,192.74,2026-07-31 18:00:00,18.6,18.1,79.0,1015.1,14.2,18.4,360.0,2.0,180.0,436.5,68.0,9.0,3.0,7.0,0.0,0.0,29.4,28.4,30.0,957.7,7.0,16.2,288.0,287.0,87.0,91.0,68.0,100.0,0.0,88.0,100.0,0.0,24.8,27.0,65.0,1009.9,4.3,7.4,355.0,356.0,163.0,360.7,67.0,38.0,7.0,17.0,20.0,0.0,0.0,6.800000000000001,2026-07-31 18:00:00,60.41999816894531,33.439998626708984,90.73999786376953
1785524400000,195.64,2026-07-31 19:00:00,18.0,17.4,79.0,1015.0,13.3,19.1,347.0,346.0,60.0,244.6,33.0,26.0,1.0,6.0,21.0,0.0,28.2,26.5,34.0,958.7,12.4,23.6,251.0,263.0,10.0,12.7,9.0,100.0,0.0,93.0,99.0,0.0,23.5,23.2,61.0,1010.1,14.9,24.1,340.0,344.0,58.0,232.9,32.0,100.0,1.0,4.0,100.0,0.0,0.0,5.5,2026-07-31 19:00:00,60.41999816894531,33.439998626708984,90.73999786376953
1785528000000,191.13,2026-07-31 20:00:00,17.3,16.1,81.0,1015.3,16.6,24.9,357.0,358.0,2.0,0.0,2.0,95.0,0.0,1.0,95.0,0.0,27.5,26.8,37.0,959.5,8.0,16.5,211.0,234.0,0.0,0.0,0.0,97.0,0.0,70.0,91.0,0.0,22.3,22.7,68.0,1011.2,11.2,20.5,342.0,347.0,2.0,0.0,2.0,83.0,5.0,4.0,81.0,0.0,0.0,4.300000000000001,2026-07-31 20:00:00,60.41999816894531,33.439998626708984,90.73999786376953
1785531600000,170.15,2026-07-31 21:00:00,16.9,15.6,77.0,1016.0,14.9,23.3,9.0,8.0,0.0,0.0,0.0,44.0,0.0,0.0,44.0,0.0,25.1,24.0,49.0,959.8,15.2,25.2,197.0,203.0,0.0,0.0,0.0,74.0,0.0,27.0,65.0,0.0,21.7,22.0,68.0,1011.8,10.7,19.7,348.0,354.0,0.0,0.0,0.0,22.0,5.0,2.0,16.0,0.0,0.0,3.6999999999999993,2026-07-31 21:00:00,60.41999816894531,33.439998626708984,90.73999786376953
1785535200000,169.44,2026-07-31 22:00:00,16.6,15.5,74.0,1016.5,11.7,20.7,14.0,13.0,0.0,0.0,0.0,82.0,0.0,0.0,82.0,0.0,22.4,22.5,64.0,958.9,10.8,21.4,184.0,190.0,0.0,0.0,0.0,34.0,0.0,27.0,9.0,0.0,20.9,21.1,70.0,1012.3,10.4,19.6,360.0,7.0,0.0,0.0,0.0,10.0,5.0,5.0,4.0,0.0,0.0,2.8999999999999986,2026-07-31 22:00:00,58.180999755859375,33.66999816894531,89.02999877929688
1785538800000,162.66,2026-07-31 23:00:00,16.3,15.2,76.0,1016.8,11.3,20.6,9.0,9.0,0.0,0.0,0.0,59.0,3.0,0.0,58.0,0.0,21.6,21.6,68.0,958.9,12.6,25.4,202.0,208.0,0.0,0.0,0.0,55.0,0.0,26.0,39.0,0.0,20.0,19.8,70.0,1012.7,10.8,20.3,5.0,11.0,0.0,0.0,0.0,23.0,0.0,2.0,22.0,0.0,0.0,2.0,2026-07-31 23:00:00,58.180999755859375,33.66999816894531,89.02999877929688
1785542400000,157.0,2026-08-01 00:00:00,15.5,14.9,82.0,1016.8,8.8,17.8,360.0,2.0,0.0,0.0,0.0,0.0,0.0,0.0,0.0,0.0,20.5,21.8,73.0,958.6,4.4,12.7,212.0,241.0,0.0,0.0,0.0,97.0,0.0,13.0,96.0,0.0,19.0,18.5,69.0,1012.6,10.7,19.6,5.0,15.0,0.0,0.0,0.0,31.0,13.0,30.0,2.0,0.0,0.0,1.0,2026-08-01 00:00:00,58.180999755859375,33.66999816894531,89.02999877929688
1785546000000,154.61,2026-08-01 01:00:00,15.4,15.0,83.0,1016.6,8.3,17.7,354.0,355.0,0.0,0.0,0.0,2.0,0.0,0.0,2.0,0.0,20.0,21.5,77.0,957.6,3.2,9.2,180.0,231.0,0.0,0.0,0.0,88.0,0.0,23.0,84.0,0.0,18.6,18.2,73.0,1012.5,10.1,18.2,355.0,2.0,0.0,0.0,0.0,84.0,16.0,84.0,1.0,0.0,0.0,0.6000000000000014,2026-08-01 01:00:00,58.180999755859375,33.66999816894531,89.02999877929688
1785549600000,154.52,2026-08-01 02:00:00,15.1,14.7,84.0,1016.7,7.2,15.9,356.0,357.0,0.0,0.0,0.0,70.0,6.0,0.0,67.0,0.0,19.6,21.4,79.0,957.6,1.1,6.7,351.0,275.0,0.0,0.0,0.0,77.0,0.0,14.0,73.0,0.0,18.4,18.1,74.0,1012.7,10.3,17.0,2.0,5.0,0.0,0.0,0.0,99.0,9.0,99.0,0.0,0.0,0.0,0.3999999999999986,2026-08-01 02:00:00,58.180999755859375,33.66999816894531,89.02999877929688
1785553200000,155.52,2026-08-01 03:00:00,15.2,14.8,83.0,1016.7,7.2,15.9,356.0,356.0,0.0,0.0,0.0,78.0,17.0,0.0,73.0,0.0,19.1,19.7,80.0,957.8,8.1,19.4,239.0,247.0,0.0,0.0,0.0,59.0,0.0,27.0,53.0,0.0,17.9,17.6,75.0,1012.9,9.7,15.5,356.0,1.0,0.0,0.0,0.0,100.0,28.0,100.0,54.0,0.0,0.10000000000000142,0.0,2026-08-01 03:00:00,58.180999755859375,33.66999816894531,89.02999877929688
1785556800000,154.79,2026-08-01 04:00:00,14.4,14.1,85.0,1016.9,5.8,12.9,9.0,9.0,1.0,0.0,1.0,91.0,34.0,1.0,88.0,0.0,19.1,19.0,76.0,958.1,10.9,23.2,243.0,252.0,0.0,0.0,0.0,100.0,0.0,100.0,53.0,0.0,17.3,16.9,77.0,1012.9,9.6,15.3,352.0,358.0,0.0,0.0,0.0,100.0,0.0,100.0,88.0,0.0,0.6999999999999993,0.0,2026-08-01 04:00:00,58.180999755859375,33.66999816894531,89.02999877929688
1785560400000,146.42,2026-08-01 05:00:00,15.7,15.8,81.0,1017.3,4.7,9.3,18.0,19.0,49.0,134.3,36.0,87.0,29.0,8.0,81.0,0.0,19.9,19.9,71.0,958.6,10.2,19.4,280.0,277.0,26.0,19.3,24.0,94.0,0.0,91.0,70.0,0.0,17.0,16.8,77.0,1013.1,7.6,11.8,3.0,6.0,19.0,59.7,14.0,41.0,2.0,1.0,40.0,0.0,1.0,0.0,2026-08-01 05:00:00,58.180999755859375,33.66999816894531,89.02999877929688
1785564000000,140.41,2026-08-01 06:00:00,16.6,16.1,77.0,1017.4,8.5,10.9,348.0,348.0,139.0,181.8,95.0,94.0,11.0,3.0,92.0,0.0,19.9,21.0,77.0,958.9,5.8,10.4,290.0,287.0,86.0,77.1,66.0,89.0,0.0,83.0,45.0,0.0,17.7,17.7,73.0,1013.4,5.8,8.3,5.0,14.0,123.0,313.2,55.0,33.0,1.0,0.0,33.0,0.0,0.3000000000000007,0.0,2026-08-01 06:00:00,58.180999755859375,33.66999816894531,89.02999877929688
1785567600000,123.27,2026-08-01 07:00:00,17.3,16.6,72.0,1018.0,9.0,11.1,337.0,337.0,255.0,252.6,157.0,98.0,13.0,4.0,97.0,0.0,21.4,22.8,73.0,959.4,5.2,7.3,236.0,240.0,182.0,126.4,129.0,70.0,15.0,67.0,6.0,0.0,19.4,19.0,61.0,1013.9,5.8,8.1,355.0,359.0,309.0,621.9,78.0,19.0,0.0,2.0,19.0,0.0,0.0,1.3999999999999986,2026-08-01 07:00:00,58.180999755859375,33.66999816894531,89.02999877929688
1785571200000,100.92,2026-08-01 08:00:00,17.7,16.7,70.0,1018.2,10.8,13.3,328.0,328.0,367.0,284.1,218.0,100.0,9.0,24.0,100.0,0.0,23.4,24.9,65.0,959.4,5.2,7.0,264.0,267.0,403.0,425.5,162.0,8.0,1.0,3.0,4.0,0.0,20.8,19.3,48.0,1014.1,9.0,12.6,354.0,356.0,475.0,750.7,87.0,0.0,0.0,0.0,0.0,0.0,0.0,2.8000000000000007,2026-08-01 08:00:00,58.180999755859375,33.66999816894531,89.02999877929688
1785574800000,57.15,2026-08-01 09:00:00,18.2,17.2,66.0,1018.4,10.5,12.5,325.0,325.0,503.0,429.8,227.0,30.0,5.0,4.0,23.0,0.0,25.7,27.2,55.0,959.7,7.0,9.2,282.0,281.0,636.0,744.1,122.0,58.0,10.0,45.0,20.0,0.0,22.0,20.2,37.0,1014.4,9.5,13.2,1.0,3.0,622.0,822.1,93.0,0.0,0.0,0.0,0.0,0.0,0.0,4.0,2026-08-01 09:00:00,58.180999755859375,33.66999816894531,89.02999877929688
1785578400000,16.72,2026-08-01 10:00:00,18.6,18.3,64.0,1018.6,9.7,11.4,331.0,329.0,642.0,638.6,174.0,11.0,6.0,7.0,0.0,0.0,26.6,27.9,50.0,959.7,8.0,10.5,280.0,278.0,668.0,618.7,183.0,100.0,100.0,88.0,68.0,0.0,23.0,21.4,32.0,1014.5,9.7,13.3,359.0,2.0,738.0,861.8,98.0,0.0,0.0,0.0,0.0,0.0,0.0,5.0,2026-08-01 10:00:00,58.180999755859375,33.66999816894531,89.02999877929688
1785582000000,0.41,2026-08-01 11:00:00,19.0,19.2,61.0,1018.8,10.0,11.7,330.0,326.0,757.0,799.3,125.0,30.0,19.0,20.0,0.0,0.0,25.8,26.0,54.0,959.4,11.8,15.3,281.0,279.0,506.0,266.8,282.0,77.0,32.0,14.0,60.0,0.0,23.8,22.8,30.0,1014.5,9.0,12.2,357.0,358.0,816.0,884.2,102.0,0.0,0.0,0.0,0.0,0.0,0.0,5.800000000000001,2026-08-01 11:00:00,58.180999755859375,33.66999816894531,89.02999877929688
1785585600000,0.0,2026-08-01 12:00:00,19.6,19.8,59.0,1018.8,9.7,11.8,326.0,321.0,755.0,759.2,139.0,24.0,6.0,22.0,0.0,0.0,25.9,26.4,48.0,959.9,12.6,17.1,280.0,278.0,751.0,611.3,229.0,75.0,3.0,13.0,72.0,0.0,25.1,24.2,27.0,1014.5,9.0,12.0,350.0,353.0,849.0,895.9,102.0,0.0,0.0,0.0,0.0,0.0,0.0,7.100000000000001,2026-08-01 12:00:00,58.180999755859375,33.66999816894531,89.02999877929688
1785589200000,3.08,2026-08-01 13:00:00,19.9,19.5,57.0,1018.7,12.9,15.6,337.0,333.0,758.0,791.2,130.0,12.0,5.0,9.0,0.0,0.0,27.2,27.8,44.0,959.4,12.1,16.3,285.0,283.0,755.0,650.3,218.0,21.0,0.0,16.0,6.0,0.0,25.3,24.4,26.0,1014.1,8.9,12.1,346.0,348.0,832.0,891.9,101.0,0.0,0.0,0.0,0.0,0.0,0.0,7.300000000000001,2026-08-01 13:00:00,58.180999755859375,33.66999816894531,89.02999877929688
1785592800000,45.52,2026-08-01 14:00:00,20.0,19.4,55.0,1018.7,11.9,14.2,349.0,345.0,714.0,813.5,113.0,1.0,0.0,1.0,0.0,0.0,27.5,27.4,44.0,959.4,14.2,19.4,291.0,289.0,683.0,751.4,114.0,23.0,2.0,21.0,4.0,0.0,25.7,24.5,25.0,1013.9,7.9,10.7,348.0,351.0,770.0,878.8,97.0,0.0,0.0,0.0,0.0,0.0,0.0,7.699999999999999,2026-08-01 14:00:00,58.180999755859375,33.66999816894531,89.02999877929688
1785596400000,107.57,2026-08-01 15:00:00,20.0,19.0,54.0,1018.7,10.6,12.6,3.0,359.0,621.0,805.7,97.0,13.0,3.0,13.0,0.0,0.0,26.0,25.1,49.0,959.7,16.1,22.3,309.0,308.0,492.0,531.4,145.0,9.0,1.0,9.0,0.0,0.0,26.0,23.9,23.0,1013.9,8.4,11.5,349.0,350.0,666.0,850.3,91.0,0.0,0.0,0.0,0.0,0.0,0.0,8.0,2026-08-01 15:00:00,58.180999755859375,33.66999816894531,89.02999877929688
1785600000000,145.14,2026-08-01 16:00:00,19.5,18.0,56.0,1018.9,11.8,14.3,8.0,6.0,477.0,699.8,103.0,31.0,5.0,28.0,0.0,0.0,25.6,25.3,53.0,959.9,13.6,19.0,313.0,314.0,437.0,653.9,97.0,21.0,10.0,14.0,0.0,0.0,25.7,22.6,23.0,1013.9,10.6,14.3,346.0,349.0,528.0,799.1,83.0,1.0,0.0,0.0,1.0,0.0,0.0,7.699999999999999,2026-08-01 16:00:00,58.180999755859375,33.66999816894531,89.02999877929688
1785603600000,168.54,2026-08-01 17:00:00,18.8,17.3,59.0,1018.8,11.6,14.4,4.0,3.0,300.0,526.4,90.0,11.0,0.0,11.0,0.0,0.0,24.5,24.0,56.0,959.7,14.6,20.9,331.0,331.0,271.0,517.4,81.0,26.0,16.0,13.0,0.0,0.0,24.9,21.6,26.0,1013.7,12.5,17.5,345.0,348.0,370.0,714.3,73.0,93.0,0.0,0.0,93.0,0.0,0.0,6.899999999999999,2026-08-01 17:00:00,58.180999755859375,33.66999816894531,89.02999877929688
1785607200000,180.96,2026-08-01 18:00:00,19.3,18.6,59.0,1018.9,6.6,10.5,331.0,331.0,173.0,426.8,65.0,32.0,2.0,30.0,0.0,0.0,23.3,23.4,61.0,960.1,11.0,19.9,354.0,351.0,131.0,365.3,56.0,23.0,11.0,12.0,3.0,0.0,24.2,20.9,27.0,1014.1,13.1,19.1,359.0,3.0,193.0,437.7,78.0,98.0,0.0,0.0,98.0,0.0,0.0,6.199999999999999,2026-08-01 18:00:00,58.180999755859375,33.66999816894531,89.02999877929688
1785610800000,180.68,2026-08-01 19:00:00,18.5,18.3,64.0,1019.0,4.0,9.2,297.0,303.0,54.0,234.4,29.0,17.0,7.0,15.0,0.0,0.0,21.1,21.7,75.0,960.4,11.5,21.1,29.0,31.0,23.0,129.9,13.0,5.0,0.0,5.0,0.0,0.0,23.3,20.3,30.0,1014.1,11.0,18.4,1.0,3.0,55.0,129.6,41.0,99.0,0.0,0.0,99.0,0.0,0.0,5.300000000000001,2026-08-01 19:00:00,58.180999755859375,33.66999816894531,89.02999877929688
1785614400000,178.55,2026-08-01 20:00:00,17.3,16.9,66.0,1019.2,4.8,10.3,259.0,273.0,2.0,0.0,2.0,17.0,16.0,12.0,0.0,0.0,19.5,20.2,83.0,960.9,10.8,21.2,24.0,30.0,0.0,0.0,0.0,5.0,0.0,3.0,2.0,0.0,22.2,19.7,33.0,1014.4,9.1,17.6,9.0,14.0,1.0,0.0,1.0,100.0,0.0,0.0,100.0,0.0,0.0,4.199999999999999,2026-08-01 20:00:00,58.180999755859375,33.66999816894531,89.02999877929688
1785618000000,170.0,2026-08-01 21:00:00,16.5,16.1,71.0,1019.3,4.8,10.0,241.0,262.0,0.0,0.0,0.0,13.0,11.0,3.0,0.0,0.0,18.3,19.0,86.0,961.3,8.9,18.6,25.0,31.0,0.0,0.0,0.0,5.0,0.0,2.0,3.0,0.0,21.5,19.2,35.0,1014.8,7.4,15.3,29.0,30.0,0.0,0.0,0.0,99.0,0.0,0.0,99.0,0.0,0.0,3.5,2026-08-01 21:00:00,58.180999755859375,33.66999816894531,89.02999877929688
1785621600000,169.63,2026-08-01 22:00:00,15.8,15.4,74.0,1019.3,4.4,9.2,243.0,263.0,0.0,0.0,0.0,2.0,2.0,0.0,0.0,0.0,17.2,17.4,87.0,961.6,9.5,18.5,27.0,34.0,0.0,0.0,0.0,48.0,0.0,1.0,47.0,0.0,20.7,18.8,39.0,1015.1,6.3,13.0,51.0,51.0,0.0,0.0,0.0,100.0,0.0,0.0,100.0,0.0,0.0,2.6999999999999993,2026-08-01 22:00:00,59.07099914550781,33.75,90.12000274658203
1785625200000,159.92,2026-08-01 23:00:00,15.2,14.9,76.0,1019.6,4.2,9.0,245.0,264.0,0.0,0.0,0.0,0.0,0.0,0.0,0.0,0.0,16.1,15.9,87.0,961.4,10.5,20.9,27.0,35.0,0.0,0.0,0.0,11.0,0.0,1.0,10.0,0.0,19.9,18.4,43.0,1015.3,5.1,11.3,45.0,53.0,0.0,0.0,0.0,100.0,0.0,0.0,100.0,0.0,0.0,1.8999999999999986,2026-08-01 23:00:00,59.07099914550781,33.75,90.12000274658203
1785628800000,156.84,2026-08-02 00:00:00,13.5,13.2,83.0,1019.5,3.6,8.5,213.0,243.0,0.0,0.0,0.0,6.0,0.0,6.0,0.0,0.0,16.0,15.7,88.0,960.9,11.3,22.7,37.0,43.0,0.0,0.0,0.0,9.0,0.0,6.0,3.0,0.0,18.6,16.9,49.0,1014.9,7.3,15.8,54.0,64.0,0.0,0.0,0.0,92.0,0.0,0.0,92.0,0.0,0.0,0.6000000000000014,2026-08-02 00:00:00,59.07099914550781,33.75,90.12000274658203
1785632400000,154.44,2026-08-02 01:00:00,13.4,13.1,83.0,1019.6,3.0,9.1,218.0,253.0,0.0,0.0,0.0,7.0,0.0,7.0,0.0,0.0,15.6,15.3,91.0,960.9,10.6,21.9,46.0,52.0,0.0,0.0,0.0,2.0,0.0,0.0,2.0,0.0,17.8,16.2,53.0,1014.7,7.3,17.2,74.0,77.0,0.0,0.0,0.0,82.0,0.0,6.0,80.0,0.0,0.1999999999999993,0.0,2026-08-02 01:00:00,59.07099914550781,33.75,90.12000274658203
1785636000000,153.59,2026-08-02 02:00:00,13.3,13.1,82.0,1019.6,2.3,8.5,231.0,269.0,0.0,0.0,0.0,2.0,0.0,2.0,0.0,0.0,15.1,14.7,93.0,960.8,11.3,23.2,43.0,51.0,0.0,0.0,0.0,57.0,0.0,1.0,56.0,0.0,17.4,15.9,54.0,1014.6,6.5,16.4,85.0,87.0,0.0,0.0,0.0,88.0,0.0,12.0,87.0,0.0,0.6000000000000014,0.0,2026-08-02 02:00:00,59.07099914550781,33.75,90.12000274658203
1785639600000,159.33,2026-08-02 03:00:00,13.5,13.4,80.0,1019.5,1.4,6.6,230.0,281.0,0.0,0.0,0.0,0.0,0.0,0.0,0.0,0.0,14.8,14.2,93.0,960.5,11.8,24.2,46.0,53.0,0.0,0.0,0.0,58.0,0.0,1.0,57.0,0.0,17.1,15.8,56.0,1014.5,5.4,14.9,84.0,97.0,0.0,0.0,0.0,92.0,0.0,16.0,91.0,0.0,0.8999999999999986,0.0,2026-08-02 03:00:00,59.07099914550781,33.75,90.12000274658203
1785643200000,151.4,2026-08-02 04:00:00,13.5,13.4,80.0,1019.4,0.8,5.2,225.0,295.0,1.0,0.0,1.0,0.0,0.0,0.0,0.0,0.0,14.5,13.8,93.0,960.5,11.6,24.0,58.0,61.0,0.0,0.0,0.0,70.0,0.0,1.0,70.0,0.0,16.8,15.3,57.0,1014.1,6.6,15.7,68.0,86.0,0.0,0.0,0.0,95.0,0.0,11.0,95.0,0.0,1.1999999999999993,0.0,2026-08-02 04:00:00,59.07099914550781,33.75,90.12000274658203
1785646800000,138.7,2026-08-02 05:00:00,14.5,14.7,81.0,1019.7,0.9,2.8,180.0,285.0,55.0,294.0,27.0,0.0,0.0,0.0,0.0,0.0,15.4,14.7,88.0,960.7,11.7,19.6,63.0,67.0,52.0,195.6,32.0,53.0,0.0,0.0,53.0,0.0,17.3,15.8,55.0,1014.1,7.0,15.9,90.0,87.0,28.0,73.0,22.0,94.0,0.0,0.0,94.0,0.0,0.6999999999999993,0.0,2026-08-02 05:00:00,59.07099914550781,33.75,90.12000274658203
1785650400000,122.18,2026-08-02 06:00:00,16.3,16.2,73.0,1019.9,3.6,2.2,180.0,235.0,181.0,519.4,57.0,7.0,0.0,0.0,7.0,0.0,16.9,16.5,81.0,961.1,10.3,16.8,44.0,49.0,182.0,413.3,76.0,62.0,0.0,0.0,62.0,0.0,19.0,17.5,49.0,1014.3,7.0,16.9,91.0,91.0,137.0,285.2,76.0,81.0,0.0,15.0,77.0,0.0,0.0,1.0,2026-08-02 06:00:00,59.07099914550781,33.75,90.12000274658203
1785654000000,62.68,2026-08-02 07:00:00,17.9,18.4,68.0,1019.8,0.5,1.9,360.0,343.0,334.0,670.3,76.0,40.0,0.0,0.0,40.0,0.0,18.9,18.6,74.0,961.1,11.6,16.8,41.0,43.0,350.0,597.9,101.0,79.0,1.0,0.0,78.0,0.0,21.9,20.4,40.0,1014.2,5.2,15.9,78.0,87.0,272.0,404.4,123.0,62.0,0.0,61.0,1.0,0.0,0.0,3.8999999999999986,2026-08-02 07:00:00,59.07099914550781,33.75,90.12000274658203
1785657600000,3.16,2026-08-02 08:00:00,19.4,19.3,59.0,1020.0,2.5,3.1,4.0,357.0,481.0,743.9,93.0,39.0,0.0,0.0,39.0,0.0,21.1,20.9,66.0,961.2,11.7,16.3,43.0,45.0,494.0,627.9,140.0,85.0,1.0,0.0,85.0,0.0,24.1,21.3,30.0,1013.9,10.9,16.0,81.0,83.0,406.0,499.9,149.0,20.0,0.0,20.0,0.0,0.0,0.0,6.100000000000001,2026-08-02 08:00:00,59.07099914550781,33.75,90.12000274658203
1785661200000,-0.26,2026-08-02 09:00:00,20.4,20.4,51.0,1020.2,2.8,3.2,349.0,341.0,615.0,797.7,105.0,20.0,0.0,0.0,20.0,0.0,22.9,23.0,59.0,961.4,12.1,16.3,50.0,53.0,615.0,616.0,191.0,85.0,1.0,0.0,84.0,0.0,25.5,23.0,27.0,1013.8,10.4,14.7,80.0,82.0,594.0,738.1,121.0,27.0,1.0,27.0,0.0,0.0,0.0,7.5,2026-08-02 09:00:00,59.07099914550781,33.75,90.12000274658203
1785664800000,-1.28,2026-08-02 10:00:00,21.1,21.2,47.0,1020.3,5.2,5.8,2.0,358.0,721.0,842.2,106.0,5.0,0.0,0.0,5.0,0.0,24.4,25.4,55.0,961.5,11.7,15.6,58.0,60.0,741.0,738.2,164.0,17.0,1.0,0.0,17.0,0.0,26.6,25.2,29.0,1013.5,9.8,13.7,83.0,85.0,695.0,744.5,144.0,29.0,0.0,24.0,6.0,0.0,0.0,8.600000000000001,2026-08-02 10:00:00,59.07099914550781,33.75,90.12000274658203
1785668400000,-3.73,2026-08-02 11:00:00,21.4,21.5,46.0,1020.3,8.1,8.8,13.0,12.0,791.0,871.8,104.0,16.0,0.0,0.0,16.0,0.0,25.9,27.3,48.0,961.5,10.9,14.4,54.0,57.0,832.0,859.9,112.0,0.0,0.0,0.0,0.0,0.0,27.5,27.1,32.0,1013.1,9.1,12.5,83.0,86.0,749.0,730.4,161.0,19.0,1.0,18.0,1.0,0.0,0.0,9.5,2026-08-02 11:00:00,59.07099914550781,33.75,90.12000274658203
1785672000000,-1.79,2026-08-02 12:00:00,22.0,22.0,45.0,1020.1,9.7,10.7,10.0,12.0,815.0,879.1,104.0,76.0,0.0,0.0,76.0,0.0,27.2,28.7,45.0,961.0,10.8,14.2,58.0,60.0,842.0,858.4,111.0,16.0,9.0,10.0,0.0,0.0,28.7,28.8,33.0,1012.4,8.9,12.0,77.0,81.0,763.0,713.3,170.0,29.0,0.0,20.0,10.0,0.0,0.0,10.7,2026-08-02 12:00:00,59.07099914550781,33.75,90.12000274658203
1785675600000,-1.18,2026-08-02 13:00:00,22.1,21.1,45.0,1019.8,13.9,16.4,3.0,4.0,767.0,774.9,154.0,80.0,0.0,0.0,80.0,0.0,27.9,29.3,44.0,960.2,8.8,11.6,73.0,74.0,749.0,703.2,170.0,22.0,9.0,14.0,0.0,0.0,29.6,30.3,31.0,1011.6,5.4,7.4,92.0,96.0,737.0,698.9,166.0,61.0,1.0,16.0,54.0,0.0,0.0,11.600000000000001,2026-08-02 13:00:00,59.07099914550781,33.75,90.12000274658203
1785679200000,2.92,2026-08-02 14:00:00,22.2,20.6,46.0,1019.5,15.5,18.8,3.0,4.0,691.0,699.7,176.0,23.0,0.0,3.0,20.0,0.0,27.8,28.5,46.0,959.9,10.8,14.2,80.0,81.0,653.0,675.8,143.0,23.0,2.0,21.0,1.0,0.0,30.3,30.2,29.0,1011.0,6.0,8.0,134.0,136.0,665.0,622.4,190.0,46.0,0.0,46.0,1.0,0.0,0.0,12.3,2026-08-02 14:00:00,59.07099914550781,33.75,90.12000274658203
1785682800000,95.41,2026-08-02 15:00:00,22.2,20.0,45.0,1019.3,16.7,20.7,18.0,19.0,612.0,773.9,111.0,46.0,0.0,1.0,45.0,0.0,27.2,27.2,48.0,959.8,11.6,15.6,77.0,78.0,445.0,450.6,152.0,70.0,59.0,27.0,0.0,0.0,30.5,29.8,28.0,1010.6,6.1,8.1,109.0,111.0,583.0,675.7,128.0,12.0,0.0,12.0,0.0,0.0,0.0,12.5,2026-08-02 15:00:00,59.07099914550781,33.75,90.12000274658203
1785686400000,148.16,2026-08-02 16:00:00,21.9,18.7,42.0,1018.8,18.4,23.3,25.0,26.0,487.0,734.1,97.0,53.0,0.0,3.0,52.0,0.0,27.4,27.5,47.0,959.6,10.2,14.2,81.0,82.0,370.0,443.0,141.0,100.0,100.0,16.0,0.0,0.0,30.3,28.7,27.0,1009.9,9.1,12.7,80.0,83.0,476.0,680.7,99.0,9.0,0.0,8.0,2.0,0.0,0.0,12.3,2026-08-02 16:00:00,59.07099914550781,33.75,90.12000274658203
1785690000000,176.89,2026-08-02 17:00:00,21.4,18.2,43.0,1018.3,18.1,23.8,27.0,28.0,337.0,639.6,84.0,53.0,0.0,1.0,53.0,0.0,26.7,26.8,49.0,959.1,11.2,16.0,80.0,81.0,227.0,337.9,104.0,96.0,96.0,8.0,0.0,0.0,29.4,27.4,30.0,1009.4,13.6,19.5,67.0,72.0,330.0,603.6,81.0,7.0,0.0,5.0,2.0,0.0,0.0,11.399999999999999,2026-08-02 17:00:00,59.07099914550781,33.75,90.12000274658203
1785693600000,185.69,2026-08-02 18:00:00,20.6,17.2,43.0,1018.0,18.4,26.9,31.0,31.0,189.0,505.2,63.0,28.0,0.0,0.0,28.0,0.0,25.6,26.5,54.0,958.4,6.6,15.6,55.0,66.0,124.0,351.8,53.0,7.0,2.0,6.0,0.0,0.0,28.0,25.9,37.0,1009.2,18.0,27.7,67.0,69.0,191.0,520.8,56.0,12.0,0.0,7.0,5.0,0.0,0.0,10.0,2026-08-02 18:00:00,59.07099914550781,33.75,90.12000274658203
1785697200000,177.69,2026-08-02 19:00:00,19.7,16.7,47.0,1017.8,16.7,28.1,45.0,45.0,63.0,330.6,29.0,2.0,0.0,0.0,2.0,0.0,23.3,23.8,62.0,958.2,9.0,19.9,64.0,68.0,23.0,132.8,13.0,4.0,1.0,3.0,0.0,0.0,26.5,24.6,39.0,1009.0,16.3,29.0,69.0,71.0,59.0,306.8,27.0,20.0,0.0,3.0,18.0,0.0,0.0,8.5,2026-08-02 19:00:00,59.07099914550781,33.75,90.12000274658203
1785700800000,167.73,2026-08-02 20:00:00,18.9,16.1,49.0,1018.0,15.8,29.1,46.0,45.0,2.0,0.0,2.0,0.0,0.0,0.0,0.0,0.0,22.1,22.5,66.0,958.4,10.0,22.2,69.0,75.0,0.0,0.0,0.0,3.0,0.0,3.0,0.0,0.0,25.6,23.5,39.0,1009.1,16.1,29.3,66.0,70.0,1.0,0.0,1.0,16.0,0.0,2.0,15.0,0.0,0.0,7.600000000000001,2026-08-02 20:00:00,59.07099914550781,33.75,90.12000274658203
1785704400000,152.83,2026-08-02 21:00:00,18.4,15.9,54.0,1018.1,15.1,29.4,49.0,50.0,0.0,0.0,0.0,7.0,0.0,0.0,7.0,0.0,21.8,21.9,69.0,958.5,12.8,27.0,71.0,74.0,0.0,0.0,0.0,4.0,0.0,4.0,0.0,0.0,24.6,22.8,41.0,1009.2,13.2,25.3,75.0,81.0,0.0,0.0,0.0,42.0,0.0,2.0,41.0,0.0,0.0,6.600000000000001,2026-08-02 21:00:00,59.07099914550781,33.75,90.12000274658203
1785708000000,139.79,2026-08-02 22:00:00,18.0,15.1,56.0,1018.0,17.8,32.9,58.0,60.0,0.0,0.0,0.0,27.0,0.0,0.0,27.0,0.0,21.3,21.4,71.0,958.3,12.6,26.2,66.0,70.0,0.0,0.0,0.0,7.0,0.0,7.0,0.0,0.0,24.6,22.5,40.0,1009.2,14.9,28.6,108.0,113.0,0.0,0.0,0.0,69.0,0.0,1.0,69.0,0.0,0.0,6.600000000000001,2026-08-02 22:00:00,59.07099914550781,33.75,90.12000274658203
1785711600000,135.11,2026-08-02 23:00:00,17.2,14.6,60.0,1017.8,17.2,32.3,66.0,70.0,0.0,0.0,0.0,76.0,0.0,0.0,76.0,0.0,20.7,20.7,73.0,958.1,12.6,26.3,66.0,70.0,0.0,0.0,0.0,8.0,0.0,8.0,0.0,0.0,24.5,21.9,38.0,1009.2,16.6,30.9,127.0,128.0,0.0,0.0,0.0,96.0,0.0,1.0,96.0,0.0,0.0,6.5,2026-08-02 23:00:00,59.07099914550781,33.75,90.12000274658203
1785715200000,131.94,2026-08-03 00:00:00,16.3,14.1,69.0,1017.1,16.1,31.3,74.0,82.0,0.0,0.0,0.0,23.0,0.0,0.0,23.0,0.0,19.1,19.3,78.0,957.5,10.3,23.6,75.0,83.0,0.0,0.0,0.0,2.0,0.0,2.0,0.0,0.0,23.7,21.1,41.0,1008.6,16.7,31.9,131.0,130.0,0.0,0.0,0.0,98.0,0.0,0.0,98.0,0.0,0.0,5.699999999999999,2026-08-03 00:00:00,59.07099914550781,33.75,90.12000274658203
1785718800000,129.79,2026-08-03 01:00:00,15.9,14.1,72.0,1016.6,13.9,28.3,84.0,94.0,0.0,0.0,0.0,60.0,0.0,0.0,60.0,0.0,18.7,19.1,80.0,957.1,9.2,21.6,79.0,90.0,0.0,0.0,0.0,1.0,0.0,1.0,0.0,0.0,23.2,20.8,41.0,1008.2,15.5,30.3,135.0,132.0,0.0,0.0,0.0,60.0,0.0,0.0,60.0,0.0,0.0,5.199999999999999,2026-08-03 01:00:00,59.07099914550781,33.75,90.12000274658203
1785722400000,132.74,2026-08-03 02:00:00,15.5,13.9,73.0,1016.5,12.3,25.5,93.0,106.0,0.0,0.0,0.0,63.0,0.0,0.0,63.0,0.0,18.3,18.7,83.0,957.0,9.3,21.5,75.0,85.0,0.0,0.0,0.0,0.0,0.0,0.0,0.0,0.0,22.5,20.1,43.0,1008.2,15.2,29.5,140.0,136.0,0.0,0.0,0.0,59.0,0.0,0.0,59.0,0.0,0.0,4.5,2026-08-03 02:00:00,59.07099914550781,33.75,90.12000274658203
1785726000000,144.3,2026-08-03 03:00:00,15.4,13.6,71.0,1016.3,12.3,25.4,97.0,113.0,0.0,0.0,0.0,58.0,0.0,0.0,58.0,0.0,17.8,18.2,85.0,956.9,9.6,22.0,73.0,81.0,0.0,0.0,0.0,0.0,0.0,0.0,0.0,0.0,21.8,19.6,45.0,1008.2,13.7,27.1,142.0,138.0,0.0,0.0,0.0,66.0,0.0,1.0,66.0,0.0,0.0,3.8000000000000007,2026-08-03 03:00:00,59.07099914550781,33.75,90.12000274658203
1785729600000,169.23,2026-08-03 04:00:00,15.3,13.4,69.0,1016.0,11.9,25.8,101.0,115.0,0.0,0.0,0.0,88.0,0.0,0.0,88.0,0.0,17.3,17.8,87.0,956.9,8.7,21.2,76.0,84.0,0.0,0.0,0.0,0.0,0.0,0.0,0.0,0.0,21.4,19.3,47.0,1008.0,13.3,26.6,144.0,141.0,0.0,0.0,0.0,52.0,0.0,18.0,41.0,0.0,0.0,3.3999999999999986,2026-08-03 04:00:00,59.07099914550781,33.75,90.12000274658203
1785733200000,164.49,2026-08-03 05:00:00,16.1,13.8,66.0,1016.0,14.9,28.2,105.0,115.0,42.0,85.4,34.0,94.0,0.0,0.0,94.0,0.0,18.6,18.8,80.0,957.3,10.3,21.0,79.0,85.0,52.0,277.9,24.0,0.0,0.0,0.0,0.0,0.0,21.5,19.6,49.0,1008.1,13.6,26.4,145.0,141.0,28.0,148.8,16.0,48.0,0.0,19.0,37.0,0.0,0.0,3.5,2026-08-03 05:00:00,59.07099914550781,33.75,90.12000274658203
1785736800000,150.0,2026-08-03 06:00:00,17.4,15.2,64.0,1016.0,16.0,28.7,109.0,119.0,134.0,161.4,96.0,95.0,0.0,5.0,95.0,0.0,20.7,21.5,73.0,957.8,7.4,23.3,86.0,95.0,190.0,520.9,58.0,0.0,0.0,0.0,0.0,0.0,22.8,21.6,49.0,1007.8,11.0,29.6,146.0,142.0,124.0,327.5,55.0,27.0,0.0,12.0,17.0,0.0,0.0,4.800000000000001,2026-08-03 06:00:00,59.07099914550781,33.75,90.12000274658203
1785740400000,135.12,2026-08-03 07:00:00,19.2,17.5,61.0,1016.0,14.5,28.5,104.0,115.0,270.0,345.7,138.0,93.0,0.0,9.0,92.0,0.0,23.6,24.3,62.0,958.2,8.7,12.9,103.0,106.0,353.0,669.7,76.0,5.0,0.0,5.0,0.0,0.0,24.7,23.6,47.0,1007.6,12.5,21.8,135.0,135.0,277.0,555.5,74.0,20.0,0.0,10.0,11.0,0.0,0.0,6.699999999999999,2026-08-03 07:00:00,59.07099914550781,33.75,90.12000274658203
1785744000000,110.79,2026-08-03 08:00:00,21.3,19.8,56.0,1016.0,15.2,20.9,103.0,108.0,436.0,559.2,146.0,47.0,0.0,9.0,41.0,0.0,25.7,26.8,56.0,958.7,7.5,10.3,110.0,113.0,502.0,732.5,91.0,1.0,0.0,1.0,0.0,0.0,26.7,25.8,44.0,1007.6,13.6,20.4,154.0,152.0,436.0,682.6,87.0,63.0,0.0,2.0,63.0,0.0,0.0,8.7,2026-08-03 08:00:00,59.07099914550781,33.75,90.12000274658203
1785747600000,69.68,2026-08-03 09:00:00,23.2,21.1,50.0,1015.6,19.3,25.3,108.0,110.0,554.0,645.7,143.0,47.0,0.0,6.0,43.0,0.0,27.9,29.6,50.0,958.9,7.1,9.5,109.0,112.0,649.0,802.0,99.0,2.0,0.0,2.0,0.0,0.0,28.2,27.8,42.0,1007.6,12.7,18.8,151.0,152.0,578.0,730.2,112.0,65.0,0.0,0.0,65.0,0.0,0.0,10.2,2026-08-03 09:00:00,59.07099914550781,33.75,90.12000274658203
1785751200000,26.03,2026-08-03 10:00:00,24.5,22.1,43.0,1015.2,22.4,29.2,112.0,113.0,673.0,736.7,137.0,58.0,0.0,2.0,57.0,0.0,29.7,32.4,44.0,959.0,4.9,6.5,114.0,118.0,747.0,822.6,106.0,2.0,0.0,2.0,0.0,0.0,30.3,30.7,38.0,1007.4,12.7,18.0,142.0,143.0,698.0,794.5,112.0,90.0,0.0,0.0,90.0,0.0,0.0,12.3,2026-08-03 10:00:00,59.07099914550781,33.75,90.12000274658203
1785754800000,16.39,2026-08-03 11:00:00,25.4,23.5,41.0,1014.8,21.2,27.5,108.0,110.0,736.0,736.0,158.0,0.0,0.0,0.0,0.0,0.0,31.3,34.1,39.0,959.0,4.8,6.0,101.0,107.0,810.0,839.6,109.0,0.0,0.0,0.0,0.0,0.0,31.8,32.6,35.0,1007.1,11.7,16.4,153.0,154.0,750.0,723.9,169.0,93.0,0.0,0.0,93.0,0.0,0.0,13.8,2026-08-03 11:00:00,59.07099914550781,33.75,90.12000274658203
1785758400000,22.56,2026-08-03 12:00:00,27.0,25.9,38.0,1014.1,19.0,24.4,105.0,107.0,792.0,854.7,103.0,1.0,0.0,1.0,0.0,0.0,33.1,35.4,30.0,958.6,3.6,4.8,147.0,153.0,831.0,855.0,105.0,15.0,0.0,12.0,3.0,0.0,33.3,34.4,33.0,1006.4,10.0,13.7,152.0,152.0,719.0,522.5,286.0,93.0,0.0,1.0,93.0,0.0,0.0,15.299999999999997,2026-08-03 12:00:00,59.07099914550781,33.75,90.12000274658203
1785762000000,60.81,2026-08-03 13:00:00,27.7,26.6,37.0,1013.6,18.6,23.9,105.0,107.0,768.0,839.8,106.0,0.0,0.0,0.0,0.0,0.0,33.8,35.9,28.0,958.0,2.9,3.8,158.0,163.0,801.0,832.0,118.0,8.0,0.0,2.0,6.0,0.0,33.9,34.4,29.0,1006.1,9.0,12.4,179.0,180.0,664.0,485.0,269.0,90.0,0.0,2.0,89.0,0.0,0.0,15.899999999999999,2026-08-03 13:00:00,59.07099914550781,33.75,90.12000274658203
1785765600000,102.81,2026-08-03 14:00:00,28.2,26.8,37.0,1013.0,19.1,24.7,102.0,104.0,704.0,821.2,102.0,1.0,0.0,1.0,0.0,0.0,34.2,35.1,27.0,958.0,6.5,8.7,208.0,207.0,711.0,804.5,106.0,63.0,0.0,18.0,55.0,0.0,34.4,34.9,28.0,1005.7,7.2,9.9,181.0,184.0,637.0,514.2,246.0,76.0,0.0,6.0,73.0,0.0,0.0,16.4,2026-08-03 14:00:00,59.07099914550781,33.75,90.12000274658203
1785769200000,139.8,2026-08-03 15:00:00,28.4,26.5,37.0,1012.5,19.8,25.8,100.0,103.0,607.0,799.3,92.0,3.0,0.0,2.0,2.0,0.0,28.8,28.9,51.0,957.8,18.3,25.6,229.0,230.0,528.0,563.8,163.0,79.0,0.0,7.0,77.0,0.0,34.9,35.4,27.0,1005.3,5.4,7.6,186.0,188.0,605.0,729.3,116.0,69.0,0.0,7.0,66.0,0.0,0.0,16.9,2026-08-03 15:00:00,59.07099914550781,33.75,90.12000274658203
1785772800000,169.03,2026-08-03 16:00:00,28.2,26.0,38.0,1012.0,20.5,27.3,103.0,104.0,474.0,734.8,86.0,14.0,0.0,2.0,12.0,0.0,31.0,31.6,36.0,957.9,5.0,7.8,251.0,248.0,341.0,395.0,138.0,37.0,0.0,9.0,30.0,0.0,34.8,35.1,27.0,1005.0,4.0,5.6,170.0,176.0,455.0,610.1,119.0,92.0,0.0,2.0,92.0,0.0,0.0,16.799999999999997,2026-08-03 16:00:00,59.07099914550781,33.75,90.12000274658203
1785776400000,205.77,2026-08-03 17:00:00,27.7,25.6,40.0,1011.7,19.9,28.2,103.0,105.0,330.0,650.4,75.0,24.0,0.0,0.0,23.0,0.0,31.5,32.5,36.0,957.9,3.1,7.1,201.0,216.0,284.0,573.9,77.0,24.0,0.0,6.0,19.0,0.0,34.7,35.1,26.0,1004.9,2.5,3.5,150.0,168.0,316.0,508.3,108.0,58.0,0.0,8.0,55.0,0.0,0.0,16.700000000000003,2026-08-03 17:00:00,59.07099914550781,33.75,90.12000274658203
1785780000000,200.67,2026-08-03 18:00:00,27.0,25.5,43.0,1011.2,17.1,28.3,97.0,101.0,182.0,500.6,59.0,19.0,0.0,6.0,13.0,0.0,28.7,29.7,46.0,956.2,7.6,16.9,109.0,112.0,132.0,413.5,50.0,78.0,0.0,27.0,70.0,0.0,32.3,32.4,34.0,1004.7,9.0,11.8,209.0,192.0,167.0,387.2,68.0,100.0,0.0,96.0,91.0,0.0,0.0,14.299999999999997,2026-08-03 18:00:00,59.07099914550781,33.75,90.12000274658203
1785783600000,185.81,2026-08-03 19:00:00,25.6,23.5,44.0,1011.3,19.3,32.7,92.0,95.0,55.0,272.9,28.0,9.0,0.0,5.0,4.0,0.0,26.8,27.6,52.0,956.3,9.2,21.7,123.0,138.0,16.0,81.6,10.0,68.0,0.0,42.0,45.0,0.0,26.9,27.7,58.0,1005.4,13.9,22.1,13.0,1.0,20.0,29.3,17.0,98.0,0.0,3.0,98.0,0.0,0.0,8.899999999999999,2026-08-03 19:00:00,59.07099914550781,33.75,90.12000274658203
1785787200000,174.43,2026-08-03 20:00:00,24.8,22.2,43.0,1011.7,20.6,35.1,100.0,102.0,1.0,0.0,1.0,18.0,0.0,4.0,15.0,0.0,25.4,26.6,56.0,956.9,5.4,15.3,150.0,179.0,0.0,0.0,0.0,30.0,0.0,9.0,23.0,0.0,27.9,28.7,49.0,1005.5,9.6,19.9,98.0,81.0,1.0,0.0,1.0,92.0,0.0,26.0,92.0,0.0,0.0,9.899999999999999,2026-08-03 20:00:00,59.07099914550781,33.75,90.12000274658203
1785790800000,157.14,2026-08-03 21:00:00,23.8,21.2,46.0,1011.7,20.4,34.8,99.0,102.0,0.0,0.0,0.0,33.0,0.0,13.0,23.0,0.0,24.5,26.0,57.0,957.2,2.0,8.9,260.0,249.0,0.0,0.0,0.0,41.0,0.0,5.0,38.0,0.0,27.5,27.6,53.0,1006.7,16.3,28.5,191.0,194.0,0.0,0.0,0.0,100.0,0.0,90.0,100.0,0.0,0.0,9.5,2026-08-03 21:00:00,59.07099914550781,33.75,90.12000274658203
1785794400000,154.0,2026-08-03 22:00:00,22.7,20.4,51.0,1011.5,20.1,34.8,100.0,105.0,0.0,0.0,0.0,36.0,0.0,0.0,36.0,0.0,24.1,25.6,57.0,957.1,0.7,4.3,180.0,285.0,0.0,0.0,0.0,26.0,0.0,23.0,9.0,0.0,25.8,27.2,64.0,1007.0,11.6,20.6,188.0,192.0,0.0,0.0,0.0,100.0,0.0,100.0,100.0,0.0,0.0,7.800000000000001,2026-08-03 22:00:00,59.07099914550781,33.75,90.12000274658203
1785798000000,144.72,2026-08-03 23:00:00,22.3,20.1,55.0,1011.4,20.5,35.7,103.0,107.0,0.0,0.0,0.0,89.0,0.0,0.0,89.0,0.0,23.2,24.4,59.0,956.6,2.1,2.8,142.0,125.0,0.0,0.0,0.0,10.0,0.0,10.0,0.0,0.0,24.1,27.2,78.0,1007.4,5.3,11.9,252.0,252.0,0.0,0.0,0.0,100.0,0.0,100.0,99.0,0.0,0.0,6.100000000000001,2026-08-03 23:00:00,59.07099914550781,33.75,90.12000274658203
1785801600000,139.0,2026-08-04 00:00:00,20.1,18.3,73.0,1010.7,23.4,41.0,114.0,117.0,0.0,0.0,0.0,88.0,0.0,30.0,84.0,0.0,22.1,22.9,65.0,955.9,6.7,15.9,185.0,190.0,0.0,0.0,0.0,5.0,0.0,2.0,3.0,0.0,21.9,24.7,89.0,1006.1,7.4,6.9,317.0,293.0,0.0,0.0,0.0,99.0,2.0,97.0,82.0,0.0,0.0,3.8999999999999986,2026-08-04 00:00:00,59.07099914550781,33.75,90.12000274658203
1785805200000,137.11,2026-08-04 01:00:00,19.6,19.1,79.0,1010.9,17.1,31.7,124.0,122.0,0.0,0.0,0.0,99.0,0.0,0.0,99.0,0.0,22.0,22.5,64.0,955.5,7.9,19.6,207.0,207.0,0.0,0.0,0.0,23.0,0.0,15.0,9.0,0.0,21.8,25.1,90.0,1006.2,3.5,8.4,242.0,298.0,0.0,0.0,0.0,98.0,1.0,94.0,73.0,0.0,0.0,3.8000000000000007,2026-08-04 01:00:00,59.07099914550781,33.75,90.12000274658203
1785808800000,143.17,2026-08-04 02:00:00,19.6,19.2,83.0,1011.1,18.7,33.6,118.0,126.0,0.0,0.0,0.0,100.0,0.0,61.0,100.0,0.0,21.0,21.5,68.0,955.6,7.5,11.7,82.0,99.0,0.0,0.0,0.0,2.0,0.0,2.0,0.0,0.0,21.5,24.1,91.0,1006.9,8.5,15.9,173.0,177.0,0.0,0.0,0.0,86.0,2.0,38.0,77.0,0.0,0.0,3.5,2026-08-04 02:00:00,59.07099914550781,33.75,90.12000274658203
1785812400000,156.95,2026-08-04 03:00:00,19.6,19.6,85.0,1011.1,16.6,29.7,124.0,128.0,0.0,0.0,0.0,100.0,0.0,100.0,100.0,0.0,19.8,21.1,75.0,955.9,3.1,13.2,170.0,110.0,0.0,0.0,0.0,13.0,0.0,5.0,8.0,0.0,21.5,23.5,86.0,1006.7,9.5,19.9,151.0,157.0,0.0,0.0,0.0,41.0,1.0,3.0,38.0,0.0,0.0,3.5,2026-08-04 03:00:00,59.07099914550781,33.75,90.12000274658203
1785816000000,170.93,2026-08-04 04:00:00,19.2,19.6,91.0,1010.8,16.2,28.8,134.0,138.0,0.0,0.0,0.0,100.0,0.0,100.0,100.0,0.0,19.8,20.6,75.0,956.3,6.3,15.6,246.0,244.0,0.0,0.0,0.0,59.0,0.0,5.0,58.0,0.0,21.4,23.1,83.0,1006.6,8.6,19.0,164.0,168.0,0.0,0.0,0.0,90.0,1.0,2.0,90.0,0.0,0.0,3.3999999999999986,2026-08-04 04:00:00,59.07099914550781,33.75,90.12000274658203
1785819600000,169.28,2026-08-04 05:00:00,19.0,19.5,94.0,1011.1,16.5,28.8,141.0,145.0,6.0,0.0,6.0,100.0,0.0,100.0,98.0,0.0,21.4,23.2,70.0,956.1,0.7,4.0,76.0,278.0,46.0,201.5,26.0,8.0,0.0,2.0,6.0,0.0,21.6,23.3,80.0,1007.0,8.3,16.8,164.0,170.0,25.0,75.9,19.0,98.0,0.0,6.0,97.0,0.0,0.0,3.6000000000000014,2026-08-04 05:00:00,59.07099914550781,33.75,90.12000274658203
1785823200000,161.49,2026-08-04 06:00:00,19.5,20.3,92.0,1011.4,14.8,28.4,151.0,152.0,17.0,0.0,17.0,100.0,0.0,100.0,100.0,0.0,24.2,25.1,59.0,956.7,7.1,15.0,199.0,226.0,182.0,495.3,58.0,7.0,0.0,7.0,0.0,0.0,22.5,24.9,81.0,1007.4,6.3,11.0,145.0,156.0,102.0,125.4,76.0,98.0,0.0,74.0,92.0,0.0,0.0,4.5,2026-08-04 06:00:00,59.07099914550781,33.75,90.12000274658203
1785826800000,146.54,2026-08-04 07:00:00,20.7,22.2,89.0,1011.3,12.8,23.2,140.0,148.0,105.0,2.6,104.0,82.0,0.0,63.0,77.0,0.0,26.9,28.6,51.0,957.2,2.8,5.0,191.0,221.0,340.0,635.4,79.0,40.0,0.0,40.0,0.0,0.0,23.6,26.1,76.0,1007.6,6.2,9.8,147.0,150.0,211.0,248.3,121.0,87.0,0.0,1.0,87.0,0.0,0.0,5.600000000000001,2026-08-04 07:00:00,59.07099914550781,33.75,90.12000274658203
1785830400000,124.51,2026-08-04 08:00:00,23.1,25.8,85.0,1011.2,9.0,15.4,121.0,136.0,344.0,345.2,166.0,56.0,0.0,25.0,45.0,0.0,29.4,30.2,42.0,957.9,6.2,8.4,280.0,281.0,476.0,653.6,111.0,0.0,0.0,0.0,0.0,0.0,25.4,27.8,66.0,1007.8,5.5,7.6,163.0,165.0,407.0,523.2,141.0,80.0,0.0,1.0,80.0,0.0,0.0,7.399999999999999,2026-08-04 08:00:00,59.07099914550781,33.75,90.12000274658203
1785834000000,103.74,2026-08-04 09:00:00,25.0,27.8,77.0,1011.2,9.8,13.3,133.0,139.0,455.0,460.8,163.0,83.0,0.0,81.0,8.0,0.0,31.3,32.4,36.0,958.3,6.4,8.3,297.0,294.0,646.0,806.4,95.0,0.0,0.0,0.0,0.0,0.0,27.0,29.4,58.0,1007.8,4.7,6.2,171.0,173.0,571.0,714.4,117.0,78.0,0.0,8.0,77.0,0.0,0.0,9.0,2026-08-04 09:00:00,59.07099914550781,33.75,90.12000274658203
1785837600000,87.31,2026-08-04 10:00:00,26.7,29.4,68.0,1011.5,9.2,11.5,135.0,138.0,570.0,525.7,189.0,1.0,0.0,1.0,0.0,0.0,32.8,34.0,32.0,958.5,8.3,10.8,297.0,294.0,752.0,838.1,101.0,0.0,0.0,0.0,0.0,0.0,28.4,30.9,52.0,1008.0,6.1,8.3,185.0,185.0,672.0,708.9,151.0,66.0,0.0,0.0,66.0,0.0,0.0,10.399999999999999,2026-08-04 10:00:00,59.07099914550781,33.75,90.12000274658203
1785841200000,76.47,2026-08-04 11:00:00,28.3,31.5,59.0,1011.4,10.2,12.7,141.0,142.0,754.0,835.6,100.0,7.0,0.0,7.0,0.0,0.0,33.7,35.0,30.0,958.6,9.3,12.2,302.0,298.0,814.0,852.8,104.0,9.0,0.0,1.0,9.0,0.0,29.6,32.7,47.0,1007.8,4.2,5.6,198.0,195.0,746.0,736.3,157.0,67.0,0.0,61.0,28.0,0.0,0.0,11.600000000000001,2026-08-04 11:00:00,59.07099914550781,33.75,90.12000274658203
1785844800000,84.06,2026-08-04 12:00:00,28.4,31.4,58.0,1011.3,11.4,13.7,139.0,142.0,766.0,812.8,113.0,16.0,0.0,16.0,0.0,0.0,34.5,35.0,27.0,958.1,12.3,16.1,299.0,297.0,817.0,824.4,119.0,5.0,0.0,0.0,5.0,0.0,30.3,32.3,44.0,1007.9,4.8,6.4,191.0,188.0,621.0,397.0,293.0,100.0,0.0,100.0,94.0,0.0,0.0,12.3,2026-08-04 12:00:00,59.07099914550781,33.75,90.12000274658203
1785848400000,109.46,2026-08-04 13:00:00,29.5,32.1,52.0,1011.0,10.0,12.3,146.0,150.0,709.0,743.5,125.0,10.0,0.0,10.0,0.0,0.0,35.0,35.6,25.0,957.9,9.7,12.9,315.0,311.0,793.0,834.6,110.0,29.0,0.0,2.0,28.0,0.0,29.1,31.2,50.0,1007.6,4.1,6.4,268.0,259.0,145.0,0.0,145.0,64.0,0.0,27.0,53.0,0.0,0.0,11.100000000000001,2026-08-04 13:00:00,59.07099914550781,33.75,90.12000274658203
1785852000000,127.44,2026-08-04 14:00:00,30.0,32.2,49.0,1010.5,8.5,10.7,142.0,147.0,646.0,728.6,114.0,4.0,0.0,4.0,0.0,0.0,35.1,35.2,24.0,957.7,8.4,11.2,326.0,322.0,703.0,776.7,121.0,55.0,0.0,30.0,36.0,0.0,30.6,31.6,43.0,1007.6,8.6,12.2,241.0,239.0,539.0,413.1,226.0,68.0,1.0,33.0,52.0,0.0,0.0,12.600000000000001,2026-08-04 14:00:00,59.07099914550781,33.75,90.12000274658203
1785855600000,154.96,2026-08-04 15:00:00,30.6,31.7,45.0,1010.3,10.8,13.7,165.0,166.0,580.0,747.0,101.0,12.0,0.0,12.0,1.0,0.0,34.8,34.1,24.0,957.7,6.3,8.1,2.0,355.0,549.0,647.1,132.0,23.0,0.0,10.0,14.0,0.0,29.8,30.6,46.0,1007.5,10.3,15.1,235.0,238.0,385.0,217.2,240.0,55.0,0.0,33.0,41.0,0.0,0.0,11.8,2026-08-04 15:00:00,59.07099914550781,33.75,90.12000274658203
1785859200000,175.55,2026-08-04 16:00:00,30.6,31.2,44.0,1010.1,13.0,16.9,178.0,179.0,458.0,697.6,92.0,3.0,0.0,0.0,2.0,0.0,34.4,33.9,25.0,957.5,5.9,7.5,11.0,8.0,407.0,552.2,125.0,38.0,0.0,32.0,9.0,0.0,29.5,30.2,47.0,1007.4,11.5,17.0,235.0,237.0,407.0,480.4,144.0,44.0,0.0,41.0,6.0,0.0,0.0,11.5,2026-08-04 16:00:00,59.07099914550781,33.75,90.12000274658203
1785862800000,228.0,2026-08-04 17:00:00,30.2,30.9,46.0,1010.0,12.5,16.6,157.0,161.0,316.0,612.6,78.0,12.0,0.0,4.0,10.0,0.0,33.0,32.4,27.0,957.7,7.1,10.9,353.0,354.0,243.0,450.6,82.0,46.0,0.0,38.0,13.0,0.0,28.6,30.0,51.0,1007.5,8.8,13.8,244.0,248.0,286.0,463.3,98.0,48.0,0.0,41.0,13.0,0.0,0.0,10.600000000000001,2026-08-04 17:00:00,59.07099914550781,33.75,90.12000274658203
1785866400000,240.01,2026-08-04 18:00:00,26.8,28.3,64.0,1010.2,13.8,23.4,174.0,167.0,172.0,467.1,59.0,51.0,1.0,33.0,28.0,0.0,31.4,32.3,36.0,956.7,3.4,8.3,264.0,276.0,99.0,251.7,50.0,21.0,0.0,20.0,2.0,0.0,27.3,29.6,59.0,1007.1,5.5,13.3,289.0,283.0,150.0,345.3,63.0,39.0,0.0,39.0,0.0,0.0,0.0,9.3,2026-08-04 18:00:00,59.07099914550781,33.75,90.12000274658203
1785870000000,212.05,2026-08-04 19:00:00,25.7,28.2,68.0,1010.1,6.9,13.6,221.0,188.0,38.0,175.8,21.0,63.0,2.0,52.0,27.0,0.0,29.4,29.8,35.0,956.7,2.0,7.8,280.0,310.0,19.0,111.5,11.0,10.0,0.0,9.0,3.0,0.0,26.8,28.7,58.0,1007.1,6.2,16.3,278.0,278.0,27.0,79.4,19.0,98.0,0.0,98.0,0.0,0.0,0.0,8.8,2026-08-04 19:00:00,59.07099914550781,33.75,90.12000274658203
1785873600000,185.13,2026-08-04 20:00:00,23.9,26.0,78.0,1010.8,11.4,17.6,165.0,178.0,1.0,0.0,1.0,70.0,0.0,59.0,24.0,0.0,28.6,29.2,37.0,957.2,1.0,7.6,301.0,332.0,0.0,0.0,0.0,27.0,0.0,27.0,1.0,0.0,24.6,26.1,71.0,1008.5,12.8,22.6,194.0,210.0,0.0,0.0,0.0,100.0,3.0,100.0,1.0,0.0,0.0,6.600000000000001,2026-08-04 20:00:00,59.07099914550781,33.75,90.12000274658203
1785877200000,163.07,2026-08-04 21:00:00,23.1,25.7,82.0,1010.7,8.3,14.4,178.0,190.0,0.0,0.0,0.0,94.0,0.0,94.0,2.0,0.0,27.7,28.2,39.0,957.3,1.3,7.3,56.0,23.0,0.0,0.0,0.0,41.0,0.0,16.0,30.0,0.0,23.3,26.6,85.0,1008.4,6.3,11.2,141.0,181.0,0.0,0.0,0.0,9.0,1.0,9.0,0.0,0.0,0.0,5.300000000000001,2026-08-04 21:00:00,59.07099914550781,33.75,90.12000274658203
1785880800000,155.19,2026-08-04 22:00:00,23.3,25.4,79.0,1010.6,9.4,15.9,172.0,196.0,0.0,0.0,0.0,75.0,0.0,74.0,2.0,0.0,25.9,25.6,43.0,957.1,6.5,15.6,62.0,52.0,0.0,0.0,0.0,9.0,0.0,3.0,6.0,0.0,22.8,26.1,90.0,1008.9,7.2,13.6,152.0,175.0,0.0,0.0,0.0,23.0,20.0,20.0,0.0,0.0,0.0,4.800000000000001,2026-08-04 22:00:00,57.505001068115234,33.65999984741211,83.7699966430664
1785884400000,149.35,2026-08-04 23:00:00,23.0,24.5,79.0,1010.3,12.6,20.0,170.0,185.0,0.0,0.0,0.0,76.0,0.0,75.0,2.0,0.0,24.9,23.1,47.0,957.9,17.8,32.8,222.0,233.0,0.0,0.0,0.0,20.0,0.0,2.0,19.0,0.0,22.4,25.6,92.0,1009.1,7.9,16.3,179.0,191.0,0.0,0.0,0.0,8.0,6.0,2.0,0.0,0.0,0.0,4.399999999999999,2026-08-04 23:00:00,57.505001068115234,33.65999984741211,83.7699966430664
1785888000000,148.05,2026-08-05 00:00:00,21.7,24.0,90.0,1010.4,10.4,20.3,278.0,296.0,0.0,0.0,0.0,100.0,2.0,100.0,0.0,0.0,19.9,21.4,90.0,957.3,10.0,21.1,17.0,1.0,0.0,0.0,0.0,92.0,0.0,14.0,92.0,0.0,21.9,24.5,82.0,1008.9,4.8,11.8,191.0,227.0,0.0,0.0,0.0,2.0,0.0,2.0,0.0,0.0,0.0,3.8999999999999986,2026-08-05 00:00:00,57.505001068115234,33.65999984741211,83.7699966430664
1785891600000,144.26,2026-08-05 01:00:00,21.6,25.2,93.0,1010.5,3.3,3.6,167.0,225.0,0.0,0.0,0.0,32.0,6.0,23.0,11.0,0.0,20.3,23.0,86.0,957.6,1.0,9.1,158.0,38.0,0.0,0.0,0.0,60.0,0.0,38.0,41.0,0.0,21.4,24.1,86.0,1008.8,4.6,9.0,167.0,215.0,0.0,0.0,0.0,1.0,0.0,1.0,0.0,0.0,0.0,3.3999999999999986,2026-08-05 01:00:00,57.505001068115234,33.65999984741211,83.7699966430664
1785895200000,139.35,2026-08-05 02:00:00,21.2,24.2,95.0,1010.4,6.5,11.4,240.0,254.0,0.0,0.0,0.0,52.0,11.0,49.0,0.0,0.0,19.2,20.9,95.0,957.9,8.7,13.0,218.0,219.0,0.0,0.0,0.0,26.0,0.0,23.0,5.0,0.0,21.1,23.7,88.0,1008.7,5.2,9.6,164.0,196.0,0.0,0.0,0.0,0.0,0.0,0.0,0.0,0.0,0.0,3.1000000000000014,2026-08-05 02:00:00,57.505001068115234,33.65999984741211,83.7699966430664
1785898800000,144.25,2026-08-05 03:00:00,20.3,22.3,95.0,1010.0,10.1,15.5,160.0,175.0,0.0,0.0,0.0,4.0,0.0,4.0,0.0,0.0,18.6,20.8,95.0,957.8,4.5,12.1,236.0,249.0,0.0,0.0,0.0,16.0,0.0,7.0,10.0,0.0,20.7,23.5,90.0,1008.6,4.0,9.0,175.0,195.0,0.0,0.0,0.0,3.0,3.0,0.0,0.0,0.0,0.0,2.6999999999999993,2026-08-05 03:00:00,57.505001068115234,33.65999984741211,83.7699966430664
1785902400000,157.18,2026-08-05 04:00:00,20.1,21.2,93.0,1010.0,15.6,29.0,209.0,219.0,0.0,0.0,0.0,0.0,0.0,0.0,0.0,0.0,18.5,20.4,92.0,957.9,4.3,13.3,287.0,300.0,0.0,0.0,0.0,7.0,0.0,1.0,5.0,0.0,20.4,23.1,91.0,1008.9,3.9,10.3,217.0,234.0,0.0,0.0,0.0,9.0,8.0,2.0,0.0,0.0,0.0,2.3999999999999986,2026-08-05 04:00:00,57.505001068115234,33.65999984741211,83.7699966430664
1785906000000,154.69,2026-08-05 05:00:00,20.4,21.0,91.0,1010.1,18.4,30.8,220.0,230.0,45.0,243.4,23.0,9.0,0.0,9.0,0.0,0.0,19.7,21.5,89.0,958.5,6.7,15.9,261.0,285.0,45.0,235.3,22.0,73.0,0.0,1.0,73.0,0.0,20.7,23.1,88.0,1009.1,5.5,12.4,261.0,278.0,25.0,142.1,14.0,13.0,3.0,9.0,0.0,0.0,0.0,2.6999999999999993,2026-08-05 05:00:00,57.505001068115234,33.65999984741211,83.7699966430664
1785909600000,139.8,2026-08-05 06:00:00,21.8,22.6,82.0,1010.6,16.7,27.4,221.0,227.0,159.0,450.4,56.0,14.0,0.0,14.0,0.0,0.0,21.6,23.2,78.0,959.4,7.7,18.5,298.0,298.0,174.0,436.8,66.0,10.0,0.0,1.0,9.0,0.0,22.3,24.8,81.0,1009.5,5.4,12.1,284.0,305.0,132.0,382.1,54.0,14.0,5.0,9.0,0.0,0.0,0.0,4.300000000000001,2026-08-05 06:00:00,57.505001068115234,33.65999984741211,83.7699966430664
1785913200000,112.04,2026-08-05 07:00:00,22.9,23.0,72.0,1010.8,18.4,24.6,221.0,224.0,288.0,538.0,86.0,21.0,0.0,20.0,0.0,0.0,24.7,26.3,63.0,959.8,6.4,10.1,308.0,305.0,340.0,637.4,80.0,12.0,0.0,0.0,12.0,0.0,23.7,25.0,65.0,1009.7,7.2,10.5,283.0,286.0,270.0,517.6,84.0,6.0,3.0,3.0,0.0,0.0,0.0,5.699999999999999,2026-08-05 07:00:00,57.505001068115234,33.65999984741211,83.7699966430664
1785916800000,64.45,2026-08-05 08:00:00,24.1,23.2,64.0,1011.1,21.8,28.3,225.0,226.0,422.0,612.5,108.0,24.0,2.0,23.0,0.0,0.0,27.1,28.2,53.0,960.5,8.4,11.4,279.0,277.0,502.0,739.5,91.0,3.0,0.0,0.0,3.0,0.0,24.4,25.8,63.0,1010.1,6.9,9.6,261.0,262.0,440.0,690.4,91.0,7.0,4.0,3.0,0.0,0.0,0.0,6.399999999999999,2026-08-05 08:00:00,57.505001068115234,33.65999984741211,83.7699966430664
1785920400000,8.33,2026-08-05 09:00:00,25.2,24.0,58.0,1011.5,22.5,29.0,223.0,224.0,513.0,605.5,131.0,27.0,0.0,27.0,0.0,0.0,28.8,30.3,48.0,960.7,8.8,11.9,274.0,271.0,640.0,794.7,99.0,0.0,0.0,0.0,0.0,0.0,25.2,26.8,61.0,1010.3,7.2,9.8,248.0,250.0,570.0,725.4,111.0,5.0,5.0,1.0,0.0,0.0,0.0,7.199999999999999,2026-08-05 09:00:00,57.505001068115234,33.65999984741211,83.7699966430664
1785924000000,-0.04,2026-08-05 10:00:00,26.4,24.5,49.0,1011.6,26.4,34.5,229.0,230.0,613.0,634.4,155.0,13.0,9.0,9.0,0.0,0.0,30.1,31.8,43.0,960.9,10.0,13.2,283.0,280.0,742.0,820.1,107.0,4.0,0.0,1.0,3.0,0.0,26.1,27.8,57.0,1010.3,11.0,15.4,230.0,232.0,694.0,798.9,109.0,20.0,18.0,5.0,0.0,0.0,0.0,8.100000000000001,2026-08-05 10:00:00,57.505001068115234,33.65999984741211,83.7699966430664
1785927600000,-0.54,2026-08-05 11:00:00,26.8,24.6,48.0,1011.6,30.5,39.9,240.0,240.0,701.0,718.1,141.0,22.0,12.0,17.0,0.0,0.0,30.7,32.7,42.0,960.8,10.1,13.1,292.0,289.0,796.0,814.4,120.0,27.0,5.0,11.0,13.0,0.0,26.6,28.2,55.0,1010.0,12.2,17.5,234.0,234.0,723.0,731.2,140.0,12.0,9.0,6.0,0.0,0.0,0.0,8.600000000000001,2026-08-05 11:00:00,57.505001068115234,33.65999984741211,83.7699966430664
1785931200000,-0.14,2026-08-05 12:00:00,27.1,25.5,48.0,1011.8,27.9,36.2,236.0,237.0,704.0,688.3,153.0,13.0,6.0,9.0,0.0,0.0,31.4,33.6,39.0,960.6,7.2,9.4,289.0,282.0,765.0,745.1,136.0,35.0,2.0,3.0,32.0,0.0,27.8,29.2,49.0,1010.0,12.0,17.0,248.0,248.0,745.0,729.8,144.0,19.0,9.0,13.0,0.0,0.0,0.0,9.8,2026-08-05 12:00:00,57.505001068115234,33.65999984741211,83.7699966430664
1785934800000,-0.02,2026-08-05 13:00:00,27.4,25.8,47.0,1011.8,27.3,35.5,242.0,242.0,717.0,742.4,136.0,13.0,9.0,8.0,0.0,0.0,31.7,33.8,39.0,960.2,8.2,11.0,280.0,275.0,749.0,741.7,144.0,55.0,6.0,7.0,49.0,0.0,28.1,29.2,47.0,1009.7,12.8,18.2,246.0,247.0,744.0,762.6,127.0,13.0,5.0,12.0,0.0,0.0,0.0,10.100000000000001,2026-08-05 13:00:00,57.505001068115234,33.65999984741211,83.7699966430664
1785938400000,6.83,2026-08-05 14:00:00,27.3,25.2,46.0,1012.0,28.3,37.3,244.0,244.0,662.0,737.2,126.0,17.0,13.0,9.0,0.0,0.0,31.0,32.1,42.0,960.0,9.6,12.9,303.0,300.0,613.0,593.4,170.0,37.0,13.0,5.0,27.0,0.0,28.3,28.8,46.0,1009.8,14.0,20.2,246.0,247.0,688.0,751.2,121.0,13.0,6.0,8.0,0.0,0.0,0.0,10.3,2026-08-05 14:00:00,57.505001068115234,33.65999984741211,83.7699966430664
1785942000000,72.34,2026-08-05 15:00:00,26.7,24.4,47.0,1012.1,26.2,34.9,252.0,253.0,554.0,689.7,114.0,23.0,19.0,6.0,0.0,0.0,28.3,28.9,51.0,960.1,13.5,18.1,295.0,295.0,525.0,604.9,137.0,80.0,13.0,45.0,63.0,0.0,28.0,27.3,45.0,1009.9,16.9,24.7,247.0,248.0,581.0,711.9,108.0,23.0,10.0,16.0,0.0,0.0,0.0,10.0,2026-08-05 15:00:00,57.505001068115234,33.65999984741211,83.7699966430664
1785945600000,135.08,2026-08-05 16:00:00,25.9,23.7,47.0,1012.4,23.3,31.0,262.0,261.0,407.0,548.7,121.0,24.0,13.0,23.0,0.0,0.0,27.4,29.4,57.0,960.1,7.1,9.8,300.0,300.0,322.0,333.0,153.0,94.0,0.0,2.0,94.0,0.0,27.4,26.3,47.0,1010.1,18.1,27.2,250.0,250.0,454.0,652.3,99.0,22.0,11.0,14.0,0.0,0.0,0.0,9.399999999999999,2026-08-05 16:00:00,57.505001068115234,33.65999984741211,83.7699966430664
1785949200000,173.9,2026-08-05 17:00:00,25.3,23.1,46.0,1012.6,20.7,28.0,262.0,260.0,281.0,488.5,93.0,37.0,12.0,36.0,0.0,0.0,27.9,29.3,51.0,960.2,6.7,10.0,297.0,298.0,217.0,237.4,133.0,85.0,0.0,2.0,85.0,0.0,26.2,25.1,50.0,1010.4,18.2,28.2,254.0,254.0,295.0,519.6,86.0,10.0,2.0,9.0,0.0,0.0,0.0,8.2,2026-08-05 17:00:00,57.505001068115234,33.65999984741211,83.7699966430664
1785952800000,187.46,2026-08-05 18:00:00,24.8,22.8,45.0,1012.9,17.9,26.0,257.0,256.0,152.0,378.1,62.0,14.0,2.0,13.0,0.0,0.0,25.3,30.6,86.0,959.5,0.6,0.9,146.0,37.0,114.0,251.4,66.0,33.0,2.0,29.0,6.0,0.0,25.8,25.6,50.0,1010.6,12.1,21.2,263.0,264.0,162.0,410.9,60.0,7.0,2.0,7.0,0.0,0.0,0.0,7.800000000000001,2026-08-05 18:00:00,57.505001068115234,33.65999984741211,83.7699966430664
1785956400000,203.74,2026-08-05 19:00:00,23.6,22.8,48.0,1013.0,9.5,17.9,270.0,265.0,48.0,242.5,25.0,17.0,5.0,16.0,0.0,0.0,23.9,27.7,85.0,959.5,4.5,9.8,187.0,197.0,16.0,85.9,10.0,21.0,0.0,5.0,16.0,0.0,25.1,24.9,50.0,1010.8,9.8,19.7,262.0,265.0,47.0,222.3,25.0,66.0,2.0,66.0,0.0,0.0,0.0,7.100000000000001,2026-08-05 19:00:00,57.505001068115234,33.65999984741211,83.7699966430664
1785960000000,190.81,2026-08-05 20:00:00,22.6,22.1,53.0,1013.6,7.9,18.1,267.0,263.0,0.0,0.0,0.0,34.0,20.0,28.0,0.0,0.0,23.6,25.5,75.0,960.1,9.0,19.5,227.0,218.0,0.0,0.0,0.0,70.0,0.0,8.0,66.0,0.0,24.6,23.9,49.0,1011.7,11.7,21.9,273.0,275.0,0.0,0.0,0.0,100.0,7.0,100.0,0.0,0.0,0.0,6.600000000000001,2026-08-05 20:00:00,57.505001068115234,33.65999984741211,83.7699966430664
1785963600000,166.11,2026-08-05 21:00:00,22.1,21.4,56.0,1014.0,11.3,21.5,253.0,253.0,0.0,0.0,0.0,31.0,21.0,26.0,0.0,0.0,23.6,24.3,65.0,960.5,11.4,24.8,257.0,252.0,0.0,0.0,0.0,55.0,0.0,22.0,43.0,0.0,23.4,22.7,52.0,1012.5,11.2,21.2,268.0,269.0,0.0,0.0,0.0,30.0,5.0,30.0,0.0,0.0,0.0,5.399999999999999,2026-08-05 21:00:00,57.505001068115234,33.65999984741211,83.7699966430664
1785967200000,162.51,2026-08-05 22:00:00,21.4,21.0,61.0,1014.3,10.3,18.2,271.0,269.0,0.0,0.0,0.0,4.0,1.0,3.0,0.0,0.0,23.0,23.5,68.0,961.0,13.4,27.0,250.0,255.0,0.0,0.0,0.0,38.0,0.0,18.0,25.0,0.0,22.3,21.8,56.0,1013.0,10.3,19.9,272.0,274.0,0.0,0.0,0.0,13.0,9.0,11.0,0.0,0.0,0.0,4.300000000000001,2026-08-05 22:00:00,55.92100143432617,33.88999938964844,79.36000061035156
1785970800000,155.2,2026-08-05 23:00:00,20.0,20.1,68.0,1014.4,8.3,15.9,271.0,276.0,0.0,0.0,0.0,4.0,0.0,4.0,0.0,0.0,22.5,23.1,71.0,961.1,12.4,25.0,254.0,260.0,0.0,0.0,0.0,77.0,0.0,15.0,72.0,0.0,21.3,20.4,56.0,1013.7,10.1,19.6,260.0,263.0,0.0,0.0,0.0,24.0,23.0,15.0,0.0,0.0,0.0,3.3000000000000007,2026-08-05 23:00:00,55.92100143432617,33.88999938964844,79.36000061035156
1785974400000,146.7,2026-08-06 00:00:00,19.4,19.1,71.0,1014.2,10.4,21.9,226.0,236.0,0.0,0.0,0.0,1.0,0.0,1.0,0.0,0.0,19.8,21.5,93.0,961.2,10.9,24.3,263.0,264.0,0.0,0.0,0.0,78.0,0.0,37.0,65.0,0.0,20.1,18.8,55.0,1013.7,11.1,20.9,250.0,255.0,0.0,0.0,0.0,4.0,0.0,4.0,0.0,0.0,0.0,2.1000000000000014,2026-08-06 00:00:00,55.92100143432617,33.88999938964844,79.36000061035156
1785978000000,137.83,2026-08-06 01:00:00,19.0,18.1,71.0,1013.9,13.5,26.4,222.0,231.0,0.0,0.0,0.0,0.0,0.0,0.0,0.0,0.0,20.0,21.9,94.0,960.7,9.6,21.1,240.0,253.0,0.0,0.0,0.0,36.0,0.0,21.0,18.0,0.0,19.0,17.6,57.0,1013.8,9.8,20.0,238.0,244.0,0.0,0.0,0.0,22.0,1.0,5.0,18.0,0.0,0.0,1.0,2026-08-06 01:00:00,55.92100143432617,33.88999938964844,79.36000061035156
1785981600000,134.06,2026-08-06 02:00:00,18.6,17.2,73.0,1014.1,17.0,29.1,231.0,235.0,0.0,0.0,0.0,11.0,2.0,1.0,9.0,0.0,19.6,22.0,94.0,960.5,5.4,14.9,222.0,253.0,0.0,0.0,0.0,32.0,0.0,2.0,30.0,0.0,18.1,16.6,59.0,1013.9,10.3,20.9,239.0,243.0,0.0,0.0,0.0,49.0,0.0,0.0,49.0,0.0,0.0,0.10000000000000142,2026-08-06 02:00:00,55.92100143432617,33.88999938964844,79.36000061035156
1785985200000,135.75,2026-08-06 03:00:00,18.1,16.7,75.0,1014.3,16.9,28.5,239.0,243.0,0.0,0.0,0.0,63.0,4.0,8.0,59.0,0.0,19.2,21.5,96.0,960.6,5.3,14.8,242.0,269.0,0.0,0.0,0.0,62.0,0.0,6.0,59.0,0.0,17.3,15.5,62.0,1014.1,11.5,22.6,241.0,245.0,0.0,0.0,0.0,19.0,0.0,0.0,19.0,0.0,0.6999999999999993,0.0,2026-08-06 03:00:00,55.92100143432617,33.88999938964844,79.36000061035156
1785988800000,156.05,2026-08-06 04:00:00,17.6,16.7,80.0,1014.5,15.0,25.8,249.0,254.0,0.0,0.0,0.0,41.0,2.0,16.0,30.0,0.0,19.1,20.8,95.0,961.0,9.0,20.5,292.0,304.0,0.0,0.0,0.0,34.0,0.0,10.0,27.0,0.0,16.4,14.7,66.0,1014.2,11.2,21.9,240.0,246.0,0.0,0.0,0.0,0.0,0.0,0.0,0.0,0.0,1.6000000000000014,0.0,2026-08-06 04:00:00,55.92100143432617,33.88999938964844,79.36000061035156
1785992400000,149.33,2026-08-06 05:00:00,17.8,17.0,82.0,1014.9,15.4,24.8,249.0,255.0,41.0,191.6,24.0,70.0,1.0,2.0,70.0,0.0,19.3,20.3,90.0,961.1,12.0,22.3,316.0,321.0,41.0,176.7,24.0,59.0,0.0,17.0,50.0,0.0,16.2,14.8,69.0,1014.5,10.3,19.8,234.0,242.0,26.0,158.3,14.0,0.0,0.0,0.0,0.0,0.0,1.8000000000000007,0.0,2026-08-06 05:00:00,55.92100143432617,33.88999938964844,79.36000061035156
1785996000000,139.22,2026-08-06 06:00:00,18.7,18.2,80.0,1015.4,14.8,21.7,246.0,251.0,156.0,390.7,68.0,33.0,1.0,7.0,27.0,0.0,20.5,21.5,86.0,961.5,13.4,28.2,323.0,326.0,167.0,401.4,69.0,82.0,4.0,35.0,71.0,0.0,16.9,15.7,68.0,1014.9,10.1,16.0,230.0,235.0,142.0,453.2,51.0,13.0,13.0,0.0,0.0,0.0,1.1000000000000014,0.0,2026-08-06 06:00:00,55.92100143432617,33.88999938964844,79.36000061035156
1785999600000,95.57,2026-08-06 07:00:00,19.9,17.8,63.0,1015.6,20.2,26.7,249.0,251.0,291.0,518.5,98.0,90.0,1.0,4.0,89.0,0.0,22.9,22.8,62.0,962.1,12.3,18.4,335.0,335.0,314.0,508.7,108.0,35.0,8.0,26.0,7.0,0.0,18.1,16.9,66.0,1015.1,11.2,16.4,238.0,241.0,289.0,586.7,80.0,21.0,19.0,0.0,3.0,0.0,0.0,0.10000000000000142,2026-08-06 07:00:00,55.92100143432617,33.88999938964844,79.36000061035156
1786003200000,25.09,2026-08-06 08:00:00,20.5,17.4,56.0,1015.9,23.7,31.1,251.0,252.0,384.0,406.2,177.0,94.0,1.0,5.0,94.0,0.0,24.8,24.4,50.0,962.4,11.2,15.3,330.0,330.0,439.0,562.4,128.0,59.0,5.0,58.0,2.0,0.0,19.5,18.6,62.0,1015.4,10.5,14.8,246.0,247.0,441.0,672.5,103.0,69.0,15.0,1.0,63.0,0.0,0.0,1.5,2026-08-06 08:00:00,55.92100143432617,33.88999938964844,79.36000061035156
1786006800000,0.15,2026-08-06 09:00:00,21.1,17.7,52.0,1016.3,24.9,32.6,252.0,253.0,486.0,471.4,190.0,66.0,5.0,7.0,63.0,0.0,25.9,25.5,46.0,963.0,9.8,13.2,314.0,313.0,489.0,395.2,221.0,36.0,12.0,32.0,3.0,0.0,21.3,20.4,55.0,1015.7,11.4,16.1,255.0,257.0,582.0,723.9,126.0,87.0,46.0,61.0,52.0,0.0,0.0,3.3000000000000007,2026-08-06 09:00:00,55.92100143432617,33.88999938964844,79.36000061035156
1786010400000,-0.08,2026-08-06 10:00:00,22.0,18.7,47.0,1016.7,26.5,34.5,258.0,258.0,659.0,710.6,148.0,63.0,15.0,17.0,47.0,0.0,26.9,27.2,43.0,963.2,8.7,11.5,294.0,292.0,641.0,567.5,203.0,42.0,16.0,34.0,0.0,0.0,22.0,20.8,51.0,1016.0,12.3,17.3,258.0,260.0,572.0,456.4,239.0,91.0,16.0,37.0,84.0,0.0,0.0,4.0,2026-08-06 10:00:00,55.92100143432617,33.88999938964844,79.36000061035156
1786014000000,-1.36,2026-08-06 11:00:00,22.2,18.8,46.0,1017.0,26.5,34.3,263.0,263.0,667.0,639.6,170.0,44.0,26.0,26.0,1.0,0.0,27.7,28.5,42.0,963.0,9.6,13.0,286.0,284.0,722.0,669.5,168.0,16.0,2.0,14.0,0.0,0.0,23.3,22.4,44.0,1016.1,12.5,17.7,258.0,260.0,697.0,615.3,208.0,82.0,59.0,58.0,38.0,0.0,0.0,5.300000000000001,2026-08-06 11:00:00,55.92100143432617,33.88999938964844,79.36000061035156
1786017600000,-1.29,2026-08-06 12:00:00,21.5,18.7,51.0,1017.6,26.2,33.9,266.0,266.0,705.0,663.2,176.0,42.0,14.0,35.0,0.0,0.0,28.1,29.3,41.0,962.9,9.3,12.1,278.0,277.0,786.0,758.1,148.0,38.0,9.0,27.0,10.0,0.0,23.5,21.7,42.0,1016.3,12.4,17.4,257.0,259.0,571.0,335.0,296.0,91.0,47.0,48.0,72.0,0.0,0.0,5.5,2026-08-06 12:00:00,55.92100143432617,33.88999938964844,79.36000061035156
1786021200000,-0.34,2026-08-06 13:00:00,21.9,18.7,48.0,1017.6,26.5,34.2,269.0,268.0,648.0,611.9,171.0,26.0,14.0,18.0,0.0,0.0,28.0,28.0,41.0,962.1,12.1,16.5,290.0,288.0,673.0,637.1,155.0,21.0,8.0,16.0,4.0,0.0,24.0,22.1,39.0,1016.1,13.2,18.6,256.0,258.0,594.0,329.9,328.0,100.0,13.0,98.0,98.0,0.0,0.0,6.0,2026-08-06 13:00:00,55.92100143432617,33.88999938964844,79.36000061035156
1786024800000,0.01,2026-08-06 14:00:00,21.8,18.0,46.0,1017.9,27.9,36.2,271.0,270.0,629.0,682.3,135.0,41.0,24.0,26.0,0.0,0.0,28.3,27.7,39.0,962.1,13.8,19.0,292.0,290.0,648.0,654.8,161.0,100.0,0.0,100.0,1.0,0.0,24.2,21.8,38.0,1016.1,13.7,19.7,265.0,266.0,549.0,337.8,295.0,100.0,10.0,100.0,0.0,0.0,0.0,6.199999999999999,2026-08-06 14:00:00,55.92100143432617,33.88999938964844,79.36000061035156
1786028400000,38.43,2026-08-06 15:00:00,21.0,16.8,50.0,1018.3,29.3,38.5,276.0,275.0,564.0,699.5,120.0,48.0,19.0,38.0,0.0,0.0,27.4,25.9,39.0,962.0,15.1,21.4,298.0,297.0,343.0,258.5,178.0,99.0,0.0,99.0,0.0,0.0,24.1,21.7,37.0,1016.0,13.1,18.9,278.0,279.0,424.0,329.6,206.0,63.0,7.0,63.0,0.0,0.0,0.0,6.100000000000001,2026-08-06 15:00:00,55.92100143432617,33.88999938964844,79.36000061035156
1786032000000,114.48,2026-08-06 16:00:00,19.9,15.7,56.0,1018.6,30.4,40.5,275.0,276.0,426.0,604.5,113.0,29.0,17.0,20.0,0.0,0.0,26.7,25.4,39.0,962.0,11.8,18.0,308.0,306.0,181.0,125.0,118.0,57.0,0.0,53.0,7.0,0.0,23.8,21.0,36.0,1016.2,15.1,22.2,295.0,294.0,359.0,367.9,160.0,100.0,7.0,100.0,0.0,0.0,0.0,5.800000000000001,2026-08-06 16:00:00,55.92100143432617,33.88999938964844,79.36000061035156
1786035600000,143.18,2026-08-06 17:00:00,19.4,15.4,55.0,1018.5,28.0,37.8,274.0,275.0,296.0,548.4,87.0,12.0,3.0,10.0,0.0,0.0,26.7,25.2,38.0,961.6,12.9,20.4,297.0,296.0,202.0,285.5,102.0,48.0,0.0,38.0,16.0,0.0,23.0,20.2,39.0,1016.3,15.6,23.6,303.0,301.0,235.0,280.9,123.0,100.0,6.0,100.0,0.0,0.0,0.0,5.0,2026-08-06 17:00:00,55.92100143432617,33.88999938964844,79.36000061035156
1786039200000,162.69,2026-08-06 18:00:00,18.9,15.5,58.0,1018.6,24.1,33.5,270.0,271.0,158.0,410.1,62.0,7.0,0.0,6.0,0.0,0.0,24.5,23.1,45.0,961.9,13.3,24.6,311.0,308.0,101.0,283.2,48.0,8.0,2.0,5.0,2.0,0.0,21.6,18.7,44.0,1016.8,17.0,25.8,330.0,331.0,133.0,249.6,72.0,46.0,27.0,39.0,0.0,0.0,0.0,3.6000000000000014,2026-08-06 18:00:00,55.92100143432617,33.88999938964844,79.36000061035156
1786042800000,167.14,2026-08-06 19:00:00,17.8,14.7,64.0,1018.9,22.9,32.6,271.0,273.0,48.0,247.5,25.0,13.0,2.0,11.0,0.0,0.0,22.6,21.5,47.0,961.9,9.1,21.3,304.0,304.0,16.0,88.2,10.0,27.0,1.0,16.0,13.0,0.0,19.9,17.1,47.0,1017.2,15.9,24.9,335.0,336.0,40.0,185.4,22.0,12.0,4.0,9.0,0.0,0.0,0.0,1.8999999999999986,2026-08-06 19:00:00,55.92100143432617,33.88999938964844,79.36000061035156
1786046400000,169.45,2026-08-06 20:00:00,17.2,14.1,68.0,1019.4,23.5,33.8,274.0,275.0,0.0,0.0,0.0,29.0,2.0,28.0,0.0,0.0,21.5,19.8,48.0,962.2,11.6,25.6,288.0,288.0,0.0,0.0,0.0,32.0,1.0,12.0,23.0,0.0,19.0,16.6,50.0,1018.1,13.3,22.4,330.0,330.0,0.0,0.0,0.0,1.0,0.0,1.0,0.0,0.0,0.0,1.0,2026-08-06 20:00:00,55.92100143432617,33.88999938964844,79.36000061035156
1786050000000,158.45,2026-08-06 21:00:00,16.4,14.3,76.0,1019.9,19.3,26.9,274.0,275.0,0.0,0.0,0.0,52.0,31.0,36.0,0.0,0.0,20.6,18.7,50.0,962.8,12.5,25.2,323.0,328.0,0.0,0.0,0.0,2.0,0.0,1.0,2.0,0.0,18.1,16.3,55.0,1018.7,9.8,17.6,332.0,334.0,0.0,0.0,0.0,1.0,1.0,1.0,0.0,0.0,0.0,0.10000000000000142,2026-08-06 21:00:00,55.92100143432617,33.88999938964844,79.36000061035156
1786053600000,145.07,2026-08-06 22:00:00,16.6,15.0,76.0,1020.2,16.3,24.1,280.0,283.0,0.0,0.0,0.0,23.0,19.0,10.0,0.0,0.0,19.5,17.2,50.0,963.1,12.9,26.8,325.0,328.0,0.0,0.0,0.0,0.0,0.0,0.0,0.0,0.0,17.2,15.9,59.0,1019.0,7.0,14.2,320.0,325.0,0.0,0.0,0.0,1.0,0.0,1.0,0.0,0.0,0.8000000000000007,0.0,2026-08-06 22:00:00,52.40399932861328,33.9900016784668,79.44999694824219
1786057200000,138.66,2026-08-06 23:00:00,16.5,14.8,77.0,1020.5,16.9,25.1,291.0,292.0,0.0,0.0,0.0,20.0,14.0,12.0,0.0,0.0,18.3,15.9,48.0,963.3,11.1,23.1,335.0,343.0,0.0,0.0,0.0,6.0,2.0,6.0,0.0,0.0,16.5,15.6,64.0,1019.2,5.2,12.3,314.0,323.0,0.0,0.0,0.0,1.0,0.0,0.0,1.0,0.0,1.5,0.0,2026-08-06 23:00:00,52.40399932861328,33.9900016784668,79.44999694824219
1786060800000,131.12,2026-08-07 00:00:00,16.1,14.8,79.0,1020.6,13.6,23.2,292.0,297.0,0.0,0.0,0.0,22.0,15.0,14.0,0.0,0.0,17.9,15.6,49.0,963.2,10.2,21.3,336.0,347.0,0.0,0.0,0.0,83.0,2.0,83.0,0.0,0.0,15.4,14.7,69.0,1019.4,4.2,9.6,290.0,310.0,0.0,0.0,0.0,0.0,0.0,0.0,0.0,0.0,2.5999999999999996,0.0,2026-08-07 00:00:00,52.40399932861328,33.9900016784668,79.44999694824219
1786064400000,129.07,2026-08-07 01:00:00,15.9,14.5,79.0,1020.8,13.7,22.8,289.0,294.0,0.0,0.0,0.0,23.0,17.0,14.0,0.0,0.0,18.1,16.2,49.0,963.1,7.8,16.2,351.0,9.0,0.0,0.0,0.0,100.0,1.0,100.0,0.0,0.0,14.7,14.3,75.0,1019.4,3.4,8.5,276.0,298.0,0.0,0.0,0.0,0.0,0.0,0.0,0.0,0.0,3.3000000000000007,0.0,2026-08-07 01:00:00,52.40399932861328,33.9900016784668,79.44999694824219
1786068000000,131.58,2026-08-07 02:00:00,15.4,14.5,82.0,1020.8,11.5,20.4,271.0,279.0,0.0,0.0,0.0,21.0,9.0,15.0,0.0,0.0,16.7,15.0,54.0,962.9,7.4,16.5,353.0,14.0,0.0,0.0,0.0,1.0,0.0,1.0,0.0,0.0,14.3,13.7,76.0,1019.2,4.4,11.1,300.0,306.0,0.0,0.0,0.0,1.0,1.0,1.0,0.0,0.0,3.6999999999999993,0.0,2026-08-07 02:00:00,52.40399932861328,33.9900016784668,79.44999694824219
1786071600000,141.33,2026-08-07 03:00:00,14.9,13.7,85.0,1020.9,12.9,22.8,255.0,264.0,0.0,0.0,0.0,13.0,10.0,3.0,1.0,0.0,15.4,13.8,60.0,962.7,6.1,16.5,3.0,23.0,0.0,0.0,0.0,2.0,2.0,1.0,0.0,0.0,13.9,13.3,77.0,1019.1,4.3,12.2,318.0,319.0,0.0,0.0,0.0,0.0,0.0,0.0,0.0,0.0,4.1,0.0,2026-08-07 03:00:00,52.40399932861328,33.9900016784668,79.44999694824219
1786075200000,156.17,2026-08-07 04:00:00,14.8,13.2,82.0,1021.0,14.1,24.4,255.0,265.0,0.0,0.0,0.0,56.0,43.0,0.0,23.0,0.0,15.0,13.3,61.0,962.7,6.8,18.5,17.0,35.0,0.0,0.0,0.0,2.0,2.0,2.0,0.0,0.0,13.4,13.0,80.0,1019.2,3.1,9.8,310.0,317.0,0.0,0.0,0.0,0.0,0.0,0.0,0.0,0.0,4.6,0.0,2026-08-07 04:00:00,52.40399932861328,33.9900016784668,79.44999694824219
1786078800000,154.97,2026-08-07 05:00:00,15.7,14.0,74.0,1021.3,14.2,22.5,270.0,277.0,27.0,91.9,19.0,92.0,90.0,0.0,20.0,0.0,16.0,14.4,59.0,963.2,7.2,15.5,1.0,25.0,44.0,232.4,22.0,6.0,4.0,5.0,0.0,0.0,13.9,13.7,80.0,1019.3,1.9,7.4,292.0,315.0,24.0,148.3,13.0,0.0,0.0,0.0,0.0,0.0,4.1,0.0,2026-08-07 05:00:00,52.40399932861328,33.9900016784668,79.44999694824219
1786082400000,145.58,2026-08-07 06:00:00,16.4,15.1,73.0,1021.7,12.3,18.4,264.0,272.0,95.0,135.3,65.0,34.0,24.0,24.0,1.0,0.0,17.3,15.7,56.0,964.0,7.4,10.8,353.0,3.0,180.0,506.3,58.0,30.0,1.0,30.0,0.0,0.0,14.8,14.6,74.0,1019.8,1.3,4.1,254.0,293.0,139.0,445.7,51.0,0.0,0.0,0.0,0.0,0.0,3.1999999999999993,0.0,2026-08-07 06:00:00,52.40399932861328,33.9900016784668,79.44999694824219
1786086000000,126.12,2026-08-07 07:00:00,17.3,15.4,64.0,1021.8,14.2,18.1,263.0,265.0,198.0,254.8,104.0,51.0,18.0,42.0,1.0,0.0,18.9,17.4,52.0,964.1,8.1,11.2,360.0,6.0,296.0,460.1,111.0,1.0,0.0,1.0,0.0,0.0,16.7,16.3,64.0,1019.9,2.2,3.3,279.0,283.0,291.0,611.7,75.0,0.0,0.0,0.0,0.0,0.0,1.3000000000000007,0.0,2026-08-07 07:00:00,52.40399932861328,33.9900016784668,79.44999694824219
1786089600000,102.16,2026-08-07 08:00:00,17.8,15.5,60.0,1022.1,16.0,20.3,282.0,283.0,254.0,159.9,173.0,73.0,55.0,43.0,0.0,0.0,20.9,19.3,46.0,964.1,7.9,10.4,13.0,15.0,508.0,756.0,92.0,2.0,0.0,2.0,0.0,0.0,18.0,17.4,60.0,1019.9,4.2,5.7,282.0,283.0,450.0,720.5,90.0,1.0,1.0,0.0,0.0,0.0,0.0,0.0,2026-08-07 08:00:00,52.40399932861328,33.9900016784668,79.44999694824219
1786093200000,66.51,2026-08-07 09:00:00,18.7,16.1,55.0,1022.3,17.0,21.2,289.0,290.0,406.0,321.6,205.0,78.0,48.0,60.0,0.0,0.0,22.4,21.2,39.0,964.3,8.1,10.6,355.0,356.0,649.0,808.3,103.0,35.0,0.0,5.0,31.0,0.0,19.5,18.8,53.0,1019.8,6.0,8.2,291.0,293.0,589.0,765.4,109.0,56.0,56.0,0.0,0.0,0.0,0.0,1.5,2026-08-07 09:00:00,52.40399932861328,33.9900016784668,79.44999694824219
1786096800000,28.15,2026-08-07 10:00:00,19.3,16.4,51.0,1022.3,18.1,22.9,295.0,294.0,404.0,234.5,236.0,73.0,33.0,60.0,13.0,0.0,23.3,22.6,36.0,964.4,9.1,11.7,343.0,343.0,759.0,841.1,112.0,22.0,0.0,1.0,20.0,0.0,20.4,19.5,49.0,1019.4,6.1,8.3,304.0,303.0,587.0,542.1,193.0,98.0,98.0,0.0,45.0,0.0,0.0,2.3999999999999986,2026-08-07 10:00:00,52.40399932861328,33.9900016784668,79.44999694824219
1786100400000,13.02,2026-08-07 11:00:00,19.6,16.6,50.0,1022.2,20.4,25.6,311.0,309.0,606.0,458.5,251.0,84.0,35.0,68.0,31.0,0.0,24.2,23.7,34.0,964.2,9.0,11.6,340.0,341.0,828.0,870.3,110.0,0.0,0.0,0.0,0.0,0.0,20.6,19.4,47.0,1019.2,6.2,8.5,319.0,318.0,448.0,210.9,281.0,96.0,66.0,31.0,88.0,0.0,0.0,2.6000000000000014,2026-08-07 11:00:00,52.40399932861328,33.9900016784668,79.44999694824219
1786104000000,18.73,2026-08-07 12:00:00,19.4,17.2,51.0,1022.6,15.3,18.7,319.0,316.0,605.0,451.7,246.0,88.0,52.0,52.0,45.0,0.0,25.5,25.5,29.0,963.9,5.6,6.9,343.0,343.0,845.0,880.8,106.0,2.0,0.0,2.0,0.0,0.0,21.6,20.5,46.0,1019.0,6.0,8.0,323.0,326.0,496.0,176.0,352.0,97.0,13.0,42.0,94.0,0.0,0.0,3.6000000000000014,2026-08-07 12:00:00,52.40399932861328,33.9900016784668,79.44999694824219
1786107600000,44.34,2026-08-07 13:00:00,19.6,17.4,50.0,1022.5,14.5,17.7,324.0,321.0,592.0,452.0,241.0,82.0,68.0,77.0,10.0,0.0,25.7,25.2,28.0,963.1,7.5,9.7,343.0,342.0,813.0,866.4,111.0,13.0,0.0,0.0,13.0,0.0,22.4,21.7,41.0,1018.6,6.4,8.5,322.0,324.0,649.0,453.1,285.0,95.0,44.0,59.0,88.0,0.0,0.0,4.399999999999999,2026-08-07 13:00:00,52.40399932861328,33.9900016784668,79.44999694824219
1786111200000,87.34,2026-08-07 14:00:00,19.8,17.2,48.0,1022.3,14.8,18.5,318.0,315.0,443.0,316.3,215.0,100.0,86.0,100.0,0.0,0.0,25.8,24.3,27.0,962.6,9.3,12.0,341.0,341.0,728.0,846.4,101.0,12.0,0.0,0.0,12.0,0.0,22.5,21.0,41.0,1018.4,7.6,10.5,326.0,327.0,555.0,432.7,231.0,100.0,100.0,100.0,95.0,0.0,0.0,4.5,2026-08-07 14:00:00,52.40399932861328,33.9900016784668,79.44999694824219
1786114800000,118.67,2026-08-07 15:00:00,19.5,16.8,49.0,1022.4,16.0,19.9,320.0,318.0,312.0,141.0,223.0,100.0,65.0,100.0,0.0,0.0,25.8,23.7,27.0,962.7,8.6,11.4,337.0,337.0,606.0,801.3,97.0,3.0,0.0,0.0,3.0,0.0,22.0,20.5,43.0,1018.5,8.2,11.4,331.0,333.0,331.0,138.3,240.0,100.0,100.0,100.0,96.0,0.0,0.0,4.0,2026-08-07 15:00:00,52.40399932861328,33.9900016784668,79.44999694824219
1786118400000,144.71,2026-08-07 16:00:00,19.3,16.7,49.0,1022.6,15.0,19.0,323.0,322.0,243.0,165.3,158.0,100.0,50.0,100.0,1.0,0.0,25.4,22.9,28.0,962.6,9.2,12.5,332.0,333.0,457.0,746.8,83.0,1.0,0.0,1.0,0.0,0.0,22.0,20.6,43.0,1018.4,7.4,10.3,331.0,333.0,239.0,96.8,187.0,100.0,100.0,100.0,80.0,0.0,0.0,4.0,2026-08-07 16:00:00,52.40399932861328,33.9900016784668,79.44999694824219
1786122000000,172.6,2026-08-07 17:00:00,19.3,17.0,49.0,1022.2,12.6,16.5,311.0,310.0,132.0,55.7,111.0,92.0,35.0,89.0,0.0,0.0,24.6,22.0,29.0,962.4,10.1,14.7,331.0,332.0,291.0,640.4,69.0,0.0,0.0,0.0,0.0,0.0,21.8,20.1,43.0,1018.0,9.0,12.5,340.0,342.0,229.0,194.9,152.0,80.0,13.0,80.0,0.0,0.0,0.0,3.8000000000000007,2026-08-07 17:00:00,52.40399932861328,33.9900016784668,79.44999694824219
1786125600000,195.12,2026-08-07 18:00:00,19.1,17.4,51.0,1022.1,9.3,12.3,298.0,297.0,78.0,56.5,65.0,100.0,46.0,100.0,26.0,0.0,22.7,20.4,36.0,962.3,10.0,20.6,343.0,344.0,129.0,458.4,45.0,0.0,0.0,0.0,0.0,0.0,21.3,19.5,44.0,1018.0,9.9,14.6,358.0,1.0,138.0,286.9,69.0,16.0,9.0,15.0,0.0,0.0,0.0,3.3000000000000007,2026-08-07 18:00:00,52.40399932861328,33.9900016784668,79.44999694824219
1786129200000,194.65,2026-08-07 19:00:00,18.4,17.1,55.0,1022.0,6.7,12.1,289.0,290.0,34.0,109.9,24.0,30.0,23.0,8.0,0.0,0.0,21.0,18.2,38.0,962.3,12.8,26.4,355.0,355.0,17.0,105.9,10.0,0.0,0.0,0.0,0.0,0.0,20.3,18.6,50.0,1018.0,9.9,17.2,4.0,6.0,43.0,210.1,23.0,6.0,4.0,5.0,1.0,0.0,0.0,2.3000000000000007,2026-08-07 19:00:00,52.40399932861328,33.9900016784668,79.44999694824219
1786132800000,178.09,2026-08-07 20:00:00,17.6,16.5,59.0,1022.3,6.1,12.3,273.0,282.0,0.0,0.0,0.0,29.0,22.0,6.0,3.0,0.0,19.7,17.2,39.0,962.6,9.5,22.9,15.0,13.0,0.0,0.0,0.0,0.0,0.0,0.0,0.0,0.0,19.2,17.7,55.0,1018.3,9.8,18.7,13.0,16.0,0.0,0.0,0.0,5.0,2.0,4.0,0.0,0.0,0.0,1.1999999999999993,2026-08-07 20:00:00,52.40399932861328,33.9900016784668,79.44999694824219
1786136400000,166.1,2026-08-07 21:00:00,16.8,15.9,64.0,1022.5,6.0,11.9,254.0,267.0,0.0,0.0,0.0,18.0,5.0,3.0,10.0,0.0,18.3,15.4,39.0,962.9,10.3,24.1,36.0,38.0,0.0,0.0,0.0,0.0,0.0,0.0,0.0,0.0,18.4,17.3,60.0,1018.7,8.7,17.4,21.0,23.0,0.0,0.0,0.0,5.0,4.0,3.0,0.0,0.0,0.0,0.3999999999999986,2026-08-07 21:00:00,52.40399932861328,33.9900016784668,79.44999694824219
1786140000000,155.74,2026-08-07 22:00:00,15.9,15.2,71.0,1022.7,5.8,12.2,248.0,262.0,0.0,0.0,0.0,34.0,3.0,4.0,28.0,0.0,18.1,15.3,48.0,963.1,13.5,28.0,53.0,55.0,0.0,0.0,0.0,0.0,0.0,0.0,0.0,0.0,17.7,16.9,65.0,1018.7,7.3,15.7,25.0,27.0,0.0,0.0,0.0,6.0,6.0,1.0,0.0,0.0,0.3000000000000007,0.0,2026-08-07 22:00:00,55.76900100708008,34.099998474121094,82.48999786376953
1786143600000,149.0,2026-08-07 23:00:00,15.1,14.6,78.0,1022.9,6.1,13.8,242.0,257.0,0.0,0.0,0.0,7.0,3.0,4.0,0.0,0.0,17.6,14.9,52.0,963.0,14.0,28.8,58.0,60.0,0.0,0.0,0.0,0.0,0.0,0.0,0.0,0.0,17.2,16.6,68.0,1019.0,6.7,15.0,27.0,33.0,0.0,0.0,0.0,1.0,1.0,0.0,0.0,0.0,0.8000000000000007,0.0,2026-08-07 23:00:00,55.76900100708008,34.099998474121094,82.48999786376953
1786147200000,145.24,2026-08-08 00:00:00,13.6,13.4,86.0,1022.9,3.5,9.0,219.0,240.0,0.0,0.0,0.0,14.0,13.0,1.0,1.0,0.0,16.4,13.9,57.0,962.7,12.8,27.5,61.0,66.0,0.0,0.0,0.0,9.0,0.0,9.0,0.0,0.0,15.7,14.6,70.0,1019.0,8.1,17.5,39.0,49.0,0.0,0.0,0.0,0.0,0.0,0.0,0.0,0.0,2.3000000000000007,0.0,2026-08-08 00:00:00,55.76900100708008,34.099998474121094,82.48999786376953
1786150800000,145.92,2026-08-08 01:00:00,14.0,14.0,84.0,1023.0,2.6,8.1,231.0,257.0,0.0,0.0,0.0,11.0,11.0,0.0,0.0,0.0,16.1,13.8,58.0,962.7,11.7,25.9,58.0,64.0,0.0,0.0,0.0,2.0,0.0,2.0,0.0,0.0,15.5,14.4,72.0,1018.7,8.2,19.1,64.0,66.0,0.0,0.0,0.0,0.0,0.0,0.0,0.0,0.0,2.5,0.0,2026-08-08 01:00:00,55.76900100708008,34.099998474121094,82.48999786376953
1786154400000,143.87,2026-08-08 02:00:00,13.6,13.5,84.0,1022.7,2.5,5.9,188.0,227.0,0.0,0.0,0.0,18.0,0.0,0.0,17.0,0.0,15.5,13.1,60.0,962.5,12.6,26.8,56.0,60.0,0.0,0.0,0.0,0.0,0.0,0.0,0.0,0.0,15.1,14.2,74.0,1018.4,7.4,17.5,94.0,88.0,0.0,0.0,0.0,0.0,0.0,0.0,0.0,0.0,2.9000000000000004,0.0,2026-08-08 02:00:00,55.76900100708008,34.099998474121094,82.48999786376953
1786158000000,145.7,2026-08-08 03:00:00,12.8,12.2,84.0,1022.7,4.1,7.0,178.0,198.0,0.0,0.0,0.0,15.0,0.0,0.0,15.0,0.0,15.0,12.5,60.0,962.6,12.4,26.5,56.0,59.0,0.0,0.0,0.0,0.0,0.0,0.0,0.0,0.0,14.6,13.9,77.0,1018.2,6.0,15.2,115.0,109.0,0.0,0.0,0.0,0.0,0.0,0.0,0.0,0.0,3.4000000000000004,0.0,2026-08-08 03:00:00,55.76900100708008,34.099998474121094,82.48999786376953
1786161600000,146.26,2026-08-08 04:00:00,12.2,11.4,85.0,1022.6,5.1,9.0,176.0,190.0,0.0,0.0,0.0,1.0,0.0,0.0,0.0,0.0,14.6,12.0,61.0,962.7,12.2,26.4,62.0,64.0,0.0,0.0,0.0,0.0,0.0,0.0,0.0,0.0,14.1,13.7,81.0,1018.0,4.2,12.8,115.0,116.0,0.0,0.0,0.0,0.0,0.0,0.0,0.0,0.0,3.9000000000000004,0.0,2026-08-08 04:00:00,55.76900100708008,34.099998474121094,82.48999786376953
1786165200000,137.7,2026-08-08 05:00:00,13.5,12.8,83.0,1022.6,5.8,11.0,175.0,191.0,39.0,210.8,21.0,0.0,0.0,0.0,0.0,0.0,15.1,12.7,60.0,963.0,12.0,23.8,60.0,65.0,43.0,247.0,20.0,0.0,0.0,0.0,0.0,0.0,14.5,14.4,81.0,1018.1,3.6,11.0,120.0,122.0,23.0,151.7,12.0,0.0,0.0,0.0,0.0,0.0,3.5,0.0,2026-08-08 05:00:00,55.76900100708008,34.099998474121094,82.48999786376953
1786168800000,115.03,2026-08-08 06:00:00,14.7,13.8,78.0,1022.9,7.7,13.8,177.0,189.0,157.0,453.5,58.0,0.0,0.0,0.0,0.0,0.0,16.7,14.6,56.0,963.6,10.4,22.3,53.0,61.0,181.0,521.4,57.0,0.0,0.0,0.0,0.0,0.0,15.6,15.5,75.0,1018.1,2.5,7.5,172.0,150.0,139.0,468.8,48.0,0.0,0.0,0.0,0.0,0.0,2.4000000000000004,0.0,2026-08-08 06:00:00,55.76900100708008,34.099998474121094,82.48999786376953
1786172400000,62.55,2026-08-08 07:00:00,16.6,16.0,71.0,1022.9,6.7,11.6,178.0,186.0,308.0,634.4,76.0,0.0,0.0,0.0,0.0,0.0,19.1,17.0,50.0,963.8,11.0,16.3,60.0,64.0,349.0,681.5,77.0,0.0,0.0,0.0,0.0,0.0,17.4,17.6,67.0,1018.0,1.1,1.7,252.0,221.0,297.0,648.7,70.0,0.0,0.0,0.0,0.0,0.0,0.6000000000000014,0.0,2026-08-08 07:00:00,55.76900100708008,34.099998474121094,82.48999786376953
1786176000000,3.86,2026-08-08 08:00:00,18.4,17.6,63.0,1023.0,8.0,10.1,189.0,190.0,458.0,731.0,90.0,0.0,0.0,0.0,0.0,0.0,21.5,19.7,44.0,964.1,9.8,13.4,64.0,66.0,515.0,778.1,89.0,0.0,0.0,0.0,0.0,0.0,19.4,19.4,58.0,1017.9,1.7,1.9,302.0,304.0,458.0,753.0,84.0,0.0,0.0,0.0,0.0,0.0,0.0,1.3999999999999986,2026-08-08 08:00:00,55.76900100708008,34.099998474121094,82.48999786376953
1786179600000,-1.52,2026-08-08 09:00:00,19.5,18.9,60.0,1023.1,8.3,10.0,200.0,200.0,591.0,789.4,100.0,6.0,6.0,0.0,0.0,0.0,23.5,22.4,38.0,964.3,8.5,11.2,61.0,64.0,659.0,833.8,98.0,0.0,0.0,0.0,0.0,0.0,21.3,21.2,48.0,1018.0,2.4,3.0,324.0,335.0,603.0,816.9,93.0,0.0,0.0,0.0,0.0,0.0,0.0,3.3000000000000007,2026-08-08 09:00:00,55.76900100708008,34.099998474121094,82.48999786376953
1786183200000,-5.99,2026-08-08 10:00:00,20.4,19.8,55.0,1023.0,8.7,10.6,201.0,199.0,626.0,637.8,171.0,25.0,22.0,0.0,5.0,0.0,25.0,24.4,33.0,964.2,8.4,10.8,55.0,57.0,768.0,868.8,102.0,0.0,0.0,0.0,0.0,0.0,22.7,23.3,43.0,1017.5,2.8,3.8,15.0,25.0,719.0,856.2,99.0,0.0,0.0,0.0,0.0,0.0,0.0,4.699999999999999,2026-08-08 10:00:00,55.76900100708008,34.099998474121094,82.48999786376953
1786186800000,-11.0,2026-08-08 11:00:00,21.0,20.7,50.0,1022.8,8.8,10.6,203.0,201.0,704.0,684.6,176.0,3.0,2.0,0.0,2.0,0.0,26.0,25.9,32.0,964.1,8.3,10.6,48.0,51.0,833.0,885.2,105.0,0.0,0.0,0.0,0.0,0.0,24.0,25.1,40.0,1017.0,3.1,4.2,40.0,47.0,797.0,879.3,103.0,1.0,0.0,0.0,1.0,0.0,0.0,6.0,2026-08-08 11:00:00,55.76900100708008,34.099998474121094,82.48999786376953
1786190400000,-12.15,2026-08-08 12:00:00,22.0,22.0,46.0,1022.1,7.4,9.2,193.0,192.0,740.0,723.7,167.0,9.0,9.0,0.0,0.0,0.0,27.7,27.9,28.0,963.6,6.8,8.1,27.0,31.0,850.0,889.6,106.0,0.0,0.0,0.0,0.0,0.0,25.9,26.8,32.0,1016.0,2.5,3.5,69.0,69.0,827.0,886.8,104.0,35.0,0.0,0.0,35.0,0.0,0.0,7.899999999999999,2026-08-08 12:00:00,55.76900100708008,34.099998474121094,82.48999786376953
1786194000000,-7.01,2026-08-08 13:00:00,22.6,22.8,44.0,1021.4,6.4,8.0,188.0,188.0,738.0,766.6,145.0,2.0,2.0,0.0,0.0,0.0,27.8,27.5,28.0,963.1,8.7,10.8,21.0,24.0,817.0,885.5,102.0,20.0,0.0,0.0,20.0,0.0,27.1,27.9,29.0,1015.3,2.0,3.1,80.0,80.0,809.0,879.5,105.0,47.0,0.0,0.0,47.0,0.0,0.0,9.100000000000001,2026-08-08 13:00:00,55.76900100708008,34.099998474121094,82.48999786376953
1786197600000,-0.56,2026-08-08 14:00:00,23.1,22.8,42.0,1020.8,6.5,8.1,194.0,192.0,685.0,773.4,130.0,3.0,2.0,0.0,0.0,0.0,27.9,26.9,28.0,962.8,9.9,12.6,25.0,27.0,735.0,862.0,99.0,0.0,0.0,0.0,0.0,0.0,27.8,28.1,27.0,1014.6,1.8,2.7,90.0,86.0,745.0,864.9,100.0,0.0,0.0,0.0,0.0,0.0,0.0,9.8,2026-08-08 14:00:00,55.76900100708008,34.099998474121094,82.48999786376953
1786201200000,68.16,2026-08-08 15:00:00,23.4,22.4,40.0,1020.5,6.6,8.4,206.0,200.0,587.0,753.3,114.0,2.0,2.0,0.0,0.0,0.0,27.7,26.0,28.0,962.6,10.2,13.1,31.0,33.0,613.0,825.9,91.0,0.0,0.0,0.0,0.0,0.0,28.3,27.9,26.0,1014.0,1.3,2.2,74.0,76.0,641.0,839.9,91.0,0.0,0.0,0.0,0.0,0.0,0.0,10.3,2026-08-08 15:00:00,55.76900100708008,34.099998474121094,82.48999786376953
1786204800000,140.0,2026-08-08 16:00:00,23.4,22.5,40.0,1020.1,4.1,7.0,218.0,203.0,460.0,707.1,99.0,6.0,2.0,0.0,4.0,0.0,27.3,25.3,29.0,962.3,9.7,12.9,35.0,39.0,460.0,760.0,82.0,0.0,0.0,0.0,0.0,0.0,28.5,27.6,26.0,1013.7,0.6,1.1,146.0,108.0,502.0,786.6,82.0,0.0,0.0,0.0,0.0,0.0,0.0,10.5,2026-08-08 16:00:00,55.76900100708008,34.099998474121094,82.48999786376953
1786208400000,167.87,2026-08-08 17:00:00,23.1,22.7,42.0,1019.8,1.7,2.1,328.0,239.0,314.0,621.2,82.0,16.0,5.0,0.0,11.0,0.0,26.5,24.7,31.0,962.1,8.7,12.6,42.0,44.0,291.0,650.2,68.0,0.0,0.0,0.0,0.0,0.0,28.2,27.1,26.0,1013.3,1.6,2.0,207.0,185.0,343.0,695.1,71.0,36.0,0.0,0.0,36.0,0.0,0.0,10.2,2026-08-08 17:00:00,55.76900100708008,34.099998474121094,82.48999786376953
1786212000000,184.66,2026-08-08 18:00:00,21.9,21.2,59.0,1019.3,12.4,15.5,13.0,20.0,165.0,464.6,60.0,30.0,26.0,0.0,7.0,0.0,24.6,23.0,36.0,961.5,7.8,16.9,34.0,43.0,127.0,457.3,45.0,0.0,0.0,0.0,0.0,0.0,28.6,27.2,23.0,1012.8,1.3,2.9,34.0,90.0,181.0,545.3,52.0,45.0,0.0,0.0,45.0,0.0,0.0,10.600000000000001,2026-08-08 18:00:00,55.76900100708008,34.099998474121094,82.48999786376953
1786215600000,179.5,2026-08-08 19:00:00,20.7,19.9,63.0,1019.1,12.8,19.8,22.0,34.0,43.0,236.0,22.0,11.0,8.0,0.0,3.0,0.0,22.5,20.1,35.0,961.4,10.2,23.1,58.0,56.0,15.0,109.1,8.0,0.0,0.0,0.0,0.0,0.0,26.4,24.9,34.0,1012.5,8.9,15.9,48.0,61.0,46.0,235.9,24.0,13.0,0.0,0.0,13.0,0.0,0.0,8.399999999999999,2026-08-08 19:00:00,55.76900100708008,34.099998474121094,82.48999786376953
1786219200000,170.85,2026-08-08 20:00:00,19.7,19.2,68.0,1019.1,10.9,18.2,38.0,56.0,0.0,0.0,0.0,40.0,0.0,0.0,40.0,0.0,21.6,18.8,32.0,961.3,9.9,23.1,69.0,69.0,0.0,0.0,0.0,0.0,0.0,0.0,0.0,0.0,24.5,23.2,45.0,1012.5,12.6,23.8,59.0,68.0,0.0,0.0,0.0,0.0,0.0,0.0,0.0,0.0,0.0,6.5,2026-08-08 20:00:00,55.76900100708008,34.099998474121094,82.48999786376953
1786222800000,154.42,2026-08-08 21:00:00,18.8,18.6,71.0,1019.0,8.9,15.9,50.0,74.0,0.0,0.0,0.0,2.0,0.0,0.0,2.0,0.0,20.5,17.8,35.0,961.4,9.0,22.6,64.0,65.0,0.0,0.0,0.0,0.0,0.0,0.0,0.0,0.0,23.7,22.3,46.0,1012.4,12.3,24.6,59.0,65.0,0.0,0.0,0.0,11.0,0.0,0.0,11.0,0.0,0.0,5.699999999999999,2026-08-08 21:00:00,55.76900100708008,34.099998474121094,82.48999786376953
1786226400000,145.27,2026-08-08 22:00:00,17.8,17.7,72.0,1018.7,6.6,13.6,68.0,102.0,0.0,0.0,0.0,57.0,0.0,0.0,57.0,0.0,19.6,17.2,40.0,961.2,8.7,22.1,73.0,78.0,0.0,0.0,0.0,0.0,0.0,0.0,0.0,0.0,22.9,21.7,47.0,1012.3,10.3,21.1,61.0,67.0,0.0,0.0,0.0,27.0,0.0,0.0,27.0,0.0,0.0,4.899999999999999,2026-08-08 22:00:00,55.54399871826172,34.52000045776367,83.55000305175781
1786230000000,139.35,2026-08-08 23:00:00,17.3,16.5,68.0,1018.5,8.3,17.9,89.0,112.0,0.0,0.0,0.0,84.0,0.0,0.0,84.0,0.0,18.8,16.7,44.0,961.2,8.4,21.5,80.0,87.0,0.0,0.0,0.0,10.0,0.0,0.0,10.0,0.0,21.9,21.2,51.0,1012.4,6.9,15.6,62.0,76.0,0.0,0.0,0.0,1.0,0.0,0.0,1.0,0.0,0.0,3.8999999999999986,2026-08-08 23:00:00,55.54399871826172,34.52000045776367,83.55000305175781
1786233600000,136.44,2026-08-09 00:00:00,16.5,14.7,64.0,1017.8,11.4,26.3,117.0,129.0,0.0,0.0,0.0,40.0,0.0,0.0,40.0,0.0,17.1,15.2,55.0,960.3,9.7,21.6,78.0,93.0,0.0,0.0,0.0,13.0,0.0,0.0,13.0,0.0,19.8,20.1,64.0,1011.6,4.0,13.2,108.0,122.0,0.0,0.0,0.0,0.0,0.0,0.0,0.0,0.0,0.0,1.8000000000000007,2026-08-09 00:00:00,55.54399871826172,34.52000045776367,83.55000305175781
1786237200000,133.95,2026-08-09 01:00:00,16.2,14.3,64.0,1017.2,12.3,26.6,119.0,128.0,0.0,0.0,0.0,9.0,0.0,0.0,9.0,0.0,16.5,14.6,56.0,960.2,9.0,21.0,88.0,102.0,0.0,0.0,0.0,4.0,0.0,0.0,4.0,0.0,20.2,19.8,59.0,1011.1,6.4,15.9,130.0,145.0,0.0,0.0,0.0,0.0,0.0,0.0,0.0,0.0,0.0,2.1999999999999993,2026-08-09 01:00:00,55.54399871826172,34.52000045776367,83.55000305175781
1786240800000,134.03,2026-08-09 02:00:00,15.6,13.6,65.0,1016.6,11.9,25.7,121.0,133.0,0.0,0.0,0.0,0.0,0.0,0.0,0.0,0.0,16.3,14.4,57.0,960.0,9.3,22.5,103.0,116.0,0.0,0.0,0.0,0.0,0.0,0.0,0.0,0.0,20.1,19.0,54.0,1010.6,8.9,19.8,135.0,141.0,0.0,0.0,0.0,0.0,0.0,0.0,0.0,0.0,0.0,2.1000000000000014,2026-08-09 02:00:00,55.54399871826172,34.52000045776367,83.55000305175781
1786244400000,135.0,2026-08-09 03:00:00,15.1,13.0,66.0,1016.2,12.0,26.1,126.0,138.0,0.0,0.0,0.0,0.0,0.0,0.0,0.0,0.0,16.5,14.8,60.0,959.9,9.1,23.4,120.0,125.0,0.0,0.0,0.0,0.0,0.0,0.0,0.0,0.0,19.7,18.0,52.0,1010.1,10.4,22.6,135.0,139.0,0.0,0.0,0.0,0.0,0.0,0.0,0.0,0.0,0.0,1.6999999999999993,2026-08-09 03:00:00,55.54399871826172,34.52000045776367,83.55000305175781
1786248000000,131.8,2026-08-09 04:00:00,14.8,12.8,66.0,1015.5,11.4,25.5,128.0,138.0,0.0,0.0,0.0,5.0,0.0,5.0,1.0,0.0,16.2,14.8,66.0,959.8,8.7,22.0,127.0,130.0,0.0,0.0,0.0,3.0,0.0,0.0,3.0,0.0,19.1,17.7,54.0,1009.8,8.7,20.5,150.0,146.0,0.0,0.0,0.0,0.0,0.0,0.0,0.0,0.0,0.0,1.1000000000000014,2026-08-09 04:00:00,55.54399871826172,34.52000045776367,83.55000305175781
1786251600000,118.19,2026-08-09 05:00:00,15.3,13.1,65.0,1015.2,12.8,24.9,130.0,139.0,38.0,227.0,19.0,92.0,0.0,5.0,92.0,0.0,17.6,16.2,63.0,960.3,10.7,23.7,123.0,124.0,41.0,240.3,19.0,37.0,0.0,0.0,37.0,0.0,19.2,17.9,56.0,1010.1,9.0,18.9,158.0,153.0,21.0,141.2,11.0,2.0,0.0,0.0,2.0,0.0,0.0,1.1999999999999993,2026-08-09 05:00:00,55.54399871826172,34.52000045776367,83.55000305175781
1786255200000,91.63,2026-08-09 06:00:00,16.5,14.5,63.0,1014.8,12.6,22.3,134.0,144.0,141.0,293.3,78.0,98.0,0.0,11.0,98.0,0.0,19.8,18.6,57.0,960.8,9.8,23.3,120.0,124.0,177.0,511.5,57.0,16.0,0.0,0.0,16.0,0.0,20.1,19.1,54.0,1010.1,7.1,17.5,174.0,161.0,134.0,466.7,45.0,42.0,0.0,0.0,42.0,0.0,0.0,2.1000000000000014,2026-08-09 06:00:00,55.54399871826172,34.52000045776367,83.55000305175781
1786258800000,27.49,2026-08-09 07:00:00,18.4,16.9,59.0,1014.3,10.8,18.6,143.0,149.0,255.0,311.8,142.0,36.0,0.0,3.0,34.0,0.0,22.5,21.2,47.0,961.1,10.5,15.6,129.0,130.0,343.0,679.1,74.0,2.0,0.0,0.0,2.0,0.0,21.5,20.5,49.0,1009.9,7.0,11.0,179.0,176.0,285.0,614.3,72.0,23.0,0.0,0.0,23.0,0.0,0.0,3.5,2026-08-09 07:00:00,55.54399871826172,34.52000045776367,83.55000305175781
1786262400000,0.3,2026-08-09 08:00:00,20.6,19.5,56.0,1014.1,9.8,13.1,156.0,157.0,442.0,665.7,109.0,59.0,0.0,0.0,59.0,0.0,24.8,23.5,43.0,961.3,11.4,16.1,129.0,130.0,505.0,769.2,86.0,2.0,0.0,0.0,2.0,0.0,23.1,22.5,45.0,1009.9,5.4,7.5,200.0,201.0,445.0,733.3,83.0,53.0,0.0,0.0,53.0,0.0,0.0,5.100000000000001,2026-08-09 08:00:00,55.54399871826172,34.52000045776367,83.55000305175781
1786266000000,-0.05,2026-08-09 09:00:00,22.5,22.1,51.0,1013.6,7.5,9.3,165.0,165.0,575.0,727.0,125.0,23.0,0.0,0.0,23.0,0.0,26.9,26.2,39.0,961.4,11.6,15.7,132.0,133.0,647.0,823.7,95.0,27.0,0.0,0.0,27.0,0.0,25.2,25.0,40.0,1009.9,4.0,5.5,219.0,224.0,584.0,774.0,103.0,24.0,0.0,0.0,24.0,0.0,0.0,7.199999999999999,2026-08-09 09:00:00,55.54399871826172,34.52000045776367,83.55000305175781
1786269600000,-2.65,2026-08-09 10:00:00,24.2,24.8,47.0,1013.3,6.3,7.5,193.0,190.0,696.0,844.6,96.0,20.0,0.0,0.0,20.0,0.0,28.5,28.4,34.0,961.2,10.7,14.3,139.0,140.0,752.0,846.9,105.0,33.0,0.0,0.0,33.0,0.0,27.2,27.8,35.0,1009.7,3.6,4.8,250.0,257.0,699.0,818.0,109.0,55.0,0.0,52.0,18.0,0.0,0.0,9.2,2026-08-09 10:00:00,55.54399871826172,34.52000045776367,83.55000305175781
1786273200000,-5.08,2026-08-09 11:00:00,25.4,26.6,44.0,1013.0,5.3,6.6,242.0,229.0,758.0,849.9,105.0,2.0,0.0,0.0,2.0,0.0,29.8,30.1,30.0,960.9,9.4,12.2,150.0,152.0,815.0,857.6,112.0,35.0,0.0,0.0,35.0,0.0,28.8,29.1,31.0,1009.7,5.4,7.4,262.0,267.0,730.0,680.3,195.0,55.0,0.0,16.0,45.0,0.0,0.0,10.8,2026-08-09 11:00:00,55.54399871826172,34.52000045776367,83.55000305175781
1786276800000,-2.06,2026-08-09 12:00:00,26.1,27.4,44.0,1012.6,6.5,6.5,330.0,316.0,783.0,867.2,99.0,0.0,0.0,0.0,0.0,0.0,31.5,31.9,26.0,960.5,8.0,10.3,175.0,176.0,826.0,849.3,118.0,90.0,0.0,0.0,90.0,0.0,30.8,30.0,25.0,1009.6,8.4,11.0,263.0,267.0,699.0,632.6,185.0,80.0,0.0,26.0,73.0,0.0,0.0,12.8,2026-08-09 12:00:00,55.54399871826172,34.52000045776367,83.55000305175781
1786280400000,-0.03,2026-08-09 13:00:00,25.6,26.3,50.0,1012.4,12.7,13.9,352.0,349.0,762.0,861.9,98.0,0.0,0.0,0.0,0.0,0.0,31.4,31.0,27.0,959.8,8.1,10.6,186.0,190.0,679.0,495.9,280.0,69.0,0.0,3.0,69.0,0.0,30.9,29.9,23.0,1009.7,9.5,13.1,249.0,251.0,735.0,688.4,186.0,96.0,0.0,80.0,80.0,0.0,0.0,12.899999999999999,2026-08-09 13:00:00,55.54399871826172,34.52000045776367,83.55000305175781
1786284000000,3.78,2026-08-09 14:00:00,24.4,23.2,49.0,1012.4,19.3,24.4,352.0,349.0,697.0,841.4,96.0,0.0,0.0,0.0,0.0,0.0,32.0,31.6,26.0,959.5,7.9,10.3,196.0,199.0,674.0,688.7,168.0,54.0,0.0,3.0,53.0,0.0,30.8,28.3,23.0,1009.5,11.8,16.4,246.0,247.0,548.0,452.4,212.0,100.0,0.0,99.0,92.0,0.0,0.0,12.8,2026-08-09 14:00:00,55.54399871826172,34.52000045776367,83.55000305175781
1786287600000,82.45,2026-08-09 15:00:00,23.9,22.0,49.0,1012.6,19.8,26.4,349.0,343.0,592.0,797.5,94.0,0.0,0.0,0.0,0.0,0.0,32.2,31.1,26.0,959.2,7.9,10.6,204.0,208.0,557.0,639.3,155.0,21.0,0.0,1.0,20.0,0.0,29.7,26.9,24.0,1009.6,13.4,19.6,250.0,251.0,246.0,41.4,219.0,100.0,0.0,30.0,100.0,0.0,0.0,11.7,2026-08-09 15:00:00,55.54399871826172,34.52000045776367,83.55000305175781
1786291200000,151.19,2026-08-09 16:00:00,23.6,21.9,49.0,1012.6,16.6,22.7,355.0,346.0,464.0,753.7,82.0,5.0,0.0,5.0,0.0,0.0,32.1,30.8,26.0,959.0,8.5,12.4,228.0,229.0,441.0,714.8,88.0,17.0,0.0,9.0,10.0,0.0,29.5,26.7,23.0,1009.6,12.5,18.4,243.0,247.0,252.0,77.3,211.0,79.0,0.0,77.0,12.0,0.0,0.0,11.5,2026-08-09 16:00:00,55.54399871826172,34.52000045776367,83.55000305175781
1786294800000,169.03,2026-08-09 17:00:00,23.0,21.9,52.0,1012.3,13.3,19.0,357.0,343.0,306.0,625.1,75.0,54.0,0.0,10.0,48.0,0.0,31.3,30.6,28.0,958.8,6.2,11.9,244.0,247.0,264.0,557.2,75.0,40.0,0.0,27.0,22.0,0.0,28.9,26.3,23.0,1009.2,10.9,16.0,243.0,245.0,207.0,203.9,128.0,98.0,0.0,97.0,15.0,0.0,0.0,10.899999999999999,2026-08-09 17:00:00,55.54399871826172,34.52000045776367,83.55000305175781
1786298400000,176.09,2026-08-09 18:00:00,22.4,21.8,56.0,1012.0,10.5,16.7,354.0,335.0,151.0,414.7,59.0,3.0,0.0,2.0,2.0,0.0,29.3,29.6,36.0,958.0,3.1,10.2,180.0,217.0,89.0,245.3,46.0,91.0,0.0,83.0,52.0,0.0,28.6,26.4,25.0,1009.0,8.5,15.4,252.0,259.0,66.0,47.3,55.0,92.0,0.0,91.0,3.0,0.0,0.0,10.600000000000001,2026-08-09 18:00:00,55.54399871826172,34.52000045776367,83.55000305175781
1786302000000,174.13,2026-08-09 19:00:00,21.2,21.5,60.0,1011.8,4.6,9.6,18.0,339.0,41.0,241.5,20.0,36.0,0.0,2.0,34.0,0.0,27.0,26.3,35.0,957.9,5.5,12.2,139.0,167.0,8.0,16.1,7.0,100.0,0.0,100.0,1.0,0.0,26.7,24.4,31.0,1009.0,12.5,21.1,249.0,250.0,28.0,120.5,17.0,35.0,0.0,16.0,22.0,0.0,0.0,8.7,2026-08-09 19:00:00,55.54399871826172,34.52000045776367,83.55000305175781
1786305600000,170.0,2026-08-09 20:00:00,20.6,21.3,62.0,1011.9,1.6,2.1,96.0,211.0,0.0,0.0,0.0,43.0,0.0,2.0,41.0,0.0,26.5,25.9,36.0,958.6,4.4,10.9,258.0,254.0,0.0,0.0,0.0,25.0,0.0,17.0,9.0,0.0,23.9,22.2,42.0,1010.1,11.7,18.7,268.0,269.0,0.0,0.0,0.0,88.0,0.0,88.0,4.0,0.0,0.0,5.899999999999999,2026-08-09 20:00:00,55.54399871826172,34.52000045776367,83.55000305175781
1786309200000,157.15,2026-08-09 21:00:00,20.1,19.6,56.0,1011.5,6.1,13.8,146.0,187.0,0.0,0.0,0.0,28.0,0.0,8.0,26.0,0.0,24.9,22.6,36.0,958.7,12.7,26.7,300.0,305.0,0.0,0.0,0.0,59.0,0.0,49.0,18.0,0.0,23.0,22.9,49.0,1010.0,3.6,9.6,221.0,262.0,0.0,0.0,0.0,19.0,0.0,19.0,0.0,0.0,0.0,5.0,2026-08-09 21:00:00,55.54399871826172,34.52000045776367,83.55000305175781
1786312800000,146.47,2026-08-09 22:00:00,19.6,18.7,57.0,1011.0,7.1,17.5,189.0,215.0,0.0,0.0,0.0,88.0,0.0,77.0,47.0,0.0,23.7,21.7,36.0,959.0,9.4,21.1,274.0,281.0,0.0,0.0,0.0,64.0,0.0,37.0,43.0,0.0,22.2,21.7,51.0,1010.0,6.2,9.0,168.0,209.0,0.0,0.0,0.0,19.0,0.0,19.0,0.0,0.0,0.0,4.199999999999999,2026-08-09 22:00:00,55.54399871826172,34.52000045776367,83.55000305175781
1786316400000,138.02,2026-08-09 23:00:00,20.7,19.4,54.0,1011.3,10.8,22.3,204.0,214.0,0.0,0.0,0.0,94.0,0.0,65.0,82.0,0.0,22.7,20.9,39.0,959.1,8.2,20.9,303.0,306.0,0.0,0.0,0.0,38.0,0.0,10.0,31.0,0.0,21.6,21.0,53.0,1009.9,7.7,13.5,164.0,184.0,0.0,0.0,0.0,0.0,0.0,0.0,0.0,0.0,0.0,3.6000000000000014,2026-08-09 23:00:00,55.54399871826172,34.52000045776367,83.55000305175781
1786320000000,131.5,2026-08-10 00:00:00,20.8,19.6,56.0,1011.0,11.4,25.0,217.0,221.0,0.0,0.0,0.0,99.0,0.0,98.0,83.0,0.0,21.4,20.2,53.0,958.3,10.8,24.1,300.0,304.0,0.0,0.0,0.0,49.0,0.0,49.0,1.0,0.0,20.8,20.0,55.0,1008.8,8.5,15.0,167.0,190.0,0.0,0.0,0.0,0.0,0.0,0.0,0.0,0.0,0.0,2.8000000000000007,2026-08-10 00:00:00,55.54399871826172,34.52000045776367,83.55000305175781
1786323600000,126.93,2026-08-10 01:00:00,20.6,20.0,56.0,1010.5,7.2,17.5,252.0,248.0,0.0,0.0,0.0,100.0,0.0,99.0,99.0,0.0,20.8,20.1,53.0,957.5,6.7,19.1,297.0,304.0,0.0,0.0,0.0,41.0,0.0,37.0,6.0,0.0,20.4,19.4,56.0,1008.5,8.6,17.2,157.0,167.0,0.0,0.0,0.0,1.0,0.0,1.0,0.0,0.0,0.0,2.3999999999999986,2026-08-10 01:00:00,55.54399871826172,34.52000045776367,83.55000305175781
1786327200000,127.48,2026-08-10 02:00:00,19.6,19.2,61.0,1010.4,6.6,16.0,221.0,229.0,0.0,0.0,0.0,86.0,0.0,25.0,81.0,0.0,20.1,19.3,55.0,957.7,7.0,18.6,273.0,289.0,0.0,0.0,0.0,70.0,0.0,66.0,10.0,0.0,20.0,18.9,56.0,1008.5,9.5,19.1,159.0,169.0,0.0,0.0,0.0,44.0,0.0,0.0,44.0,0.0,0.0,2.0,2026-08-10 02:00:00,55.54399871826172,34.52000045776367,83.55000305175781
1786330800000,143.08,2026-08-10 03:00:00,18.4,18.2,68.0,1010.2,6.0,15.0,241.0,244.0,0.0,0.0,0.0,100.0,0.0,100.0,74.0,0.0,20.1,19.3,56.0,958.1,7.0,18.4,283.0,296.0,0.0,0.0,0.0,52.0,0.0,52.0,0.0,0.0,19.6,18.4,56.0,1008.5,9.6,18.8,157.0,174.0,0.0,0.0,0.0,15.0,0.0,2.0,13.0,0.0,0.0,1.6000000000000014,2026-08-10 03:00:00,55.54399871826172,34.52000045776367,83.55000305175781
1786334400000,163.24,2026-08-10 04:00:00,18.0,18.2,76.0,1010.3,6.4,13.3,259.0,267.0,0.0,0.0,0.0,100.0,0.0,70.0,99.0,0.0,19.0,18.5,59.0,958.2,5.7,14.8,261.0,284.0,0.0,0.0,0.0,10.0,0.0,10.0,0.0,0.0,19.2,18.1,58.0,1008.5,8.6,16.8,160.0,190.0,0.0,0.0,0.0,62.0,0.0,50.0,24.0,0.0,0.0,1.1999999999999993,2026-08-10 04:00:00,55.54399871826172,34.52000045776367,83.55000305175781
1786338000000,164.71,2026-08-10 05:00:00,18.1,18.4,76.0,1010.4,6.3,11.4,257.0,265.0,17.0,24.4,15.0,100.0,0.0,87.0,100.0,0.0,19.7,18.9,57.0,959.1,7.5,15.5,215.0,241.0,37.0,188.9,20.0,5.0,0.0,5.0,0.0,0.0,20.0,19.2,55.0,1008.9,6.9,15.0,185.0,224.0,15.0,72.3,10.0,34.0,0.0,34.0,0.0,0.0,0.0,2.0,2026-08-10 05:00:00,55.54399871826172,34.52000045776367,83.55000305175781
1786341600000,160.89,2026-08-10 06:00:00,19.6,19.4,78.0,1010.9,15.0,23.8,3.0,3.0,53.0,4.7,52.0,100.0,2.0,100.0,99.0,0.0,21.9,21.5,52.0,959.7,5.7,11.5,221.0,250.0,169.0,484.0,57.0,8.0,0.0,8.0,0.0,0.0,21.4,20.4,51.0,1009.0,8.2,19.1,221.0,244.0,119.0,384.4,47.0,2.0,0.0,0.0,2.0,0.0,0.0,3.3999999999999986,2026-08-10 06:00:00,55.54399871826172,34.52000045776367,83.55000305175781
1786345200000,138.88,2026-08-10 07:00:00,19.2,18.1,77.0,1011.1,19.6,28.1,27.0,29.0,59.0,0.0,59.0,100.0,0.0,99.0,97.0,0.0,25.4,25.0,39.0,960.1,4.1,6.9,236.0,239.0,327.0,618.1,84.0,8.0,0.0,8.0,0.0,0.0,22.9,21.5,46.0,1009.3,10.5,16.5,243.0,248.0,279.0,614.2,68.0,5.0,0.0,0.0,5.0,0.0,0.0,4.899999999999999,2026-08-10 07:00:00,55.54399871826172,34.52000045776367,83.55000305175781
1786348800000,111.61,2026-08-10 08:00:00,19.0,18.5,78.0,1011.8,15.2,20.9,10.0,10.0,103.0,8.0,99.0,100.0,0.0,84.0,99.0,0.0,28.0,27.0,33.0,960.4,7.1,9.6,240.0,242.0,492.0,736.3,93.0,5.0,0.0,5.0,0.0,0.0,24.1,22.9,44.0,1009.6,10.7,15.6,253.0,255.0,439.0,731.7,80.0,4.0,0.0,0.0,4.0,0.0,0.0,6.100000000000001,2026-08-10 08:00:00,55.54399871826172,34.52000045776367,83.55000305175781
1786352400000,79.14,2026-08-10 09:00:00,19.1,18.7,77.0,1012.7,13.6,17.4,353.0,354.0,190.0,11.4,183.0,98.0,1.0,91.0,87.0,0.0,29.4,28.7,31.0,960.7,9.2,12.5,259.0,259.0,624.0,782.1,102.0,39.0,0.0,39.0,0.0,0.0,25.5,24.7,43.0,1010.1,10.7,15.4,261.0,263.0,581.0,792.2,91.0,3.0,0.0,0.0,3.0,0.0,0.0,7.5,2026-08-10 09:00:00,55.54399871826172,34.52000045776367,83.55000305175781
1786356000000,36.79,2026-08-10 10:00:00,19.7,19.5,73.0,1013.4,12.6,15.4,326.0,326.0,381.0,205.0,236.0,13.0,4.0,10.0,0.0,0.0,30.2,29.1,29.0,960.6,15.3,21.1,262.0,262.0,730.0,814.4,110.0,31.0,0.0,31.0,0.0,0.0,27.0,26.9,40.0,1010.4,10.9,15.2,261.0,263.0,692.0,828.2,97.0,9.0,0.0,0.0,9.0,0.0,0.0,9.0,2026-08-10 10:00:00,55.54399871826172,34.52000045776367,83.55000305175781
1786359600000,9.14,2026-08-10 11:00:00,20.9,20.2,66.0,1014.0,19.9,24.9,308.0,307.0,707.0,733.0,146.0,48.0,29.0,33.0,0.0,0.0,30.8,29.3,28.0,960.5,16.5,23.1,260.0,260.0,697.0,691.5,132.0,38.0,0.0,38.0,0.0,0.0,28.3,28.1,37.0,1010.8,13.5,19.1,278.0,279.0,763.0,842.2,103.0,18.0,0.0,0.0,18.0,0.0,0.0,10.3,2026-08-10 11:00:00,55.54399871826172,34.52000045776367,83.55000305175781
1786363200000,4.34,2026-08-10 12:00:00,19.5,18.0,73.0,1014.9,24.2,30.8,309.0,309.0,667.0,638.9,165.0,62.0,27.0,53.0,0.0,0.0,32.2,30.0,26.0,959.8,19.6,27.6,267.0,266.0,682.0,616.3,170.0,27.0,0.0,27.0,0.0,0.0,29.6,28.7,32.0,1011.1,16.6,23.4,293.0,293.0,784.0,838.7,105.0,50.0,2.0,48.0,1.0,0.0,0.0,11.600000000000001,2026-08-10 12:00:00,55.54399871826172,34.52000045776367,83.55000305175781
1786366800000,10.0,2026-08-10 13:00:00,20.2,18.5,69.0,1015.4,23.6,30.1,320.0,320.0,615.0,555.3,189.0,53.0,23.0,48.0,0.0,0.0,32.2,30.0,24.0,959.5,18.8,26.3,274.0,274.0,704.0,712.2,133.0,9.0,0.0,9.0,0.0,0.0,27.9,26.6,38.0,1011.7,18.1,25.7,304.0,304.0,687.0,663.3,160.0,25.0,4.0,21.0,1.0,0.0,0.0,9.899999999999999,2026-08-10 13:00:00,55.54399871826172,34.52000045776367,83.55000305175781
1786370400000,48.95,2026-08-10 14:00:00,19.6,17.9,74.0,1015.9,24.3,31.0,325.0,324.0,618.0,644.2,160.0,16.0,15.0,5.0,0.0,0.0,31.6,28.7,26.0,959.4,20.2,28.6,284.0,283.0,594.0,642.4,124.0,19.0,0.0,19.0,0.0,0.0,26.8,24.9,42.0,1012.1,18.5,26.8,311.0,312.0,518.0,330.0,274.0,23.0,2.0,9.0,16.0,0.0,0.0,8.8,2026-08-10 14:00:00,55.54399871826172,34.52000045776367,83.55000305175781
1786374000000,106.16,2026-08-10 15:00:00,19.4,16.5,67.0,1016.7,26.6,34.3,333.0,332.0,547.0,684.5,122.0,2.0,2.0,0.0,0.0,0.0,30.9,28.4,28.0,959.4,17.3,24.6,279.0,279.0,503.0,606.0,124.0,20.0,0.0,16.0,5.0,0.0,26.7,25.0,41.0,1012.5,18.1,26.2,325.0,326.0,580.0,739.1,101.0,20.0,0.0,2.0,18.0,0.0,0.0,8.7,2026-08-10 15:00:00,55.54399871826172,34.52000045776367,83.55000305175781
1786377600000,137.7,2026-08-10 16:00:00,18.9,15.8,68.0,1017.4,26.6,34.6,329.0,329.0,451.0,701.7,98.0,13.0,13.0,0.0,0.0,0.0,30.8,28.5,28.0,959.5,15.9,23.1,273.0,273.0,426.0,679.2,93.0,13.0,0.0,13.0,0.0,0.0,25.7,23.9,44.0,1013.1,17.2,25.1,331.0,332.0,464.0,710.0,90.0,53.0,1.0,1.0,52.0,0.0,0.0,7.699999999999999,2026-08-10 16:00:00,55.54399871826172,34.52000045776367,83.55000305175781
1786381200000,165.71,2026-08-10 17:00:00,18.1,15.3,71.0,1017.9,24.9,32.8,323.0,324.0,291.0,558.1,87.0,8.0,8.0,0.0,0.0,0.0,30.1,28.2,28.0,959.4,12.6,20.9,272.0,273.0,211.0,420.5,70.0,32.0,0.0,28.0,5.0,0.0,24.7,23.2,48.0,1013.6,17.0,24.9,332.0,333.0,310.0,586.5,85.0,75.0,16.0,1.0,70.0,0.0,0.0,6.699999999999999,2026-08-10 17:00:00,55.54399871826172,34.52000045776367,83.55000305175781
1786384800000,176.95,2026-08-10 18:00:00,17.4,14.6,69.0,1018.6,22.4,30.2,314.0,315.0,156.0,441.2,60.0,15.0,15.0,0.0,0.0,0.0,28.4,27.4,33.0,958.8,8.2,19.5,289.0,293.0,106.0,362.1,44.0,16.0,0.0,15.0,2.0,0.0,24.0,22.6,51.0,1014.1,15.9,24.3,335.0,337.0,148.0,350.3,68.0,70.0,5.0,1.0,68.0,0.0,0.0,6.0,2026-08-10 18:00:00,55.54399871826172,34.52000045776367,83.55000305175781
1786388400000,181.53,2026-08-10 19:00:00,16.8,13.9,70.0,1019.0,22.3,31.3,309.0,310.0,37.0,200.2,20.0,28.0,28.0,0.0,0.0,0.0,25.8,24.8,37.0,958.8,6.9,19.4,298.0,305.0,11.0,66.5,7.0,13.0,0.0,13.0,0.0,0.0,22.4,21.3,56.0,1014.8,14.6,23.1,339.0,342.0,37.0,168.1,22.0,33.0,1.0,1.0,32.0,0.0,0.0,4.399999999999999,2026-08-10 19:00:00,55.54399871826172,34.52000045776367,83.55000305175781
1786392000000,169.19,2026-08-10 20:00:00,16.5,13.6,70.0,1019.6,21.3,30.7,305.0,306.0,0.0,0.0,0.0,26.0,26.0,0.0,0.0,0.0,24.3,23.4,41.0,959.4,6.7,18.3,294.0,307.0,0.0,0.0,0.0,11.0,0.0,11.0,0.0,0.0,21.3,19.6,54.0,1015.8,15.1,24.0,343.0,346.0,0.0,0.0,0.0,2.0,0.0,0.0,2.0,0.0,0.0,3.3000000000000007,2026-08-10 20:00:00,55.54399871826172,34.52000045776367,83.55000305175781
1786395600000,151.44,2026-08-10 21:00:00,16.2,13.6,71.0,1020.0,19.9,29.6,302.0,304.0,0.0,0.0,0.0,30.0,24.0,0.0,8.0,0.0,23.1,22.2,45.0,959.7,7.3,17.1,261.0,284.0,0.0,0.0,0.0,11.0,0.0,11.0,0.0,0.0,20.3,18.5,53.0,1016.5,12.8,21.9,349.0,353.0,0.0,0.0,0.0,2.0,0.0,0.0,2.0,0.0,0.0,2.3000000000000007,2026-08-10 21:00:00,55.54399871826172,34.52000045776367,83.55000305175781
1786399200000,139.2,2026-08-10 22:00:00,16.2,13.5,70.0,1020.3,20.3,30.4,300.0,302.0,0.0,0.0,0.0,59.0,27.0,0.0,42.0,0.0,22.6,21.5,46.0,960.0,8.3,20.5,264.0,276.0,0.0,0.0,0.0,3.0,0.0,2.0,1.0,0.0,19.5,17.9,55.0,1016.9,11.1,20.0,353.0,1.0,0.0,0.0,0.0,17.0,0.0,0.0,17.0,0.0,0.0,1.5,2026-08-10 22:00:00,55.54399871826172,34.52000045776367,83.55000305175781
1786402800000,140.99,2026-08-10 23:00:00,16.0,12.8,71.0,1020.9,23.6,34.5,305.0,307.0,0.0,0.0,0.0,52.0,18.0,0.0,41.0,0.0,22.1,20.4,46.0,960.7,12.1,25.1,313.0,323.0,0.0,0.0,0.0,9.0,0.0,0.0,9.0,0.0,18.7,17.0,56.0,1017.6,11.2,20.2,354.0,1.0,0.0,0.0,0.0,63.0,0.0,0.0,63.0,0.0,0.0,0.6999999999999993,2026-08-10 23:00:00,55.54399871826172,34.52000045776367,83.55000305175781
1786406400000,136.2,2026-08-11 00:00:00,15.7,12.5,65.0,1021.3,20.0,31.5,292.0,295.0,0.0,0.0,0.0,53.0,29.0,0.0,34.0,0.0,19.8,17.9,56.0,961.6,14.8,27.5,4.0,11.0,0.0,0.0,0.0,34.0,0.0,0.0,34.0,0.0,17.9,16.1,59.0,1017.9,11.7,21.6,14.0,25.0,0.0,0.0,0.0,27.0,0.0,0.0,27.0,0.0,0.10000000000000142,0.0,2026-08-11 00:00:00,55.54399871826172,34.52000045776367,83.55000305175781
1786410000000,128.73,2026-08-11 01:00:00,15.6,12.1,65.0,1021.6,21.7,33.0,294.0,297.0,0.0,0.0,0.0,49.0,30.0,0.0,27.0,0.0,18.8,17.3,59.0,961.9,11.3,23.7,360.0,12.0,0.0,0.0,0.0,2.0,0.0,0.0,2.0,0.0,17.2,15.5,61.0,1018.3,11.0,20.5,21.0,28.0,0.0,0.0,0.0,27.0,0.0,0.0,27.0,0.0,0.8000000000000007,0.0,2026-08-11 01:00:00,55.54399871826172,34.52000045776367,83.55000305175781
1786413600000,129.92,2026-08-11 02:00:00,15.5,12.0,66.0,1021.7,22.4,34.1,303.0,305.0,0.0,0.0,0.0,37.0,30.0,0.0,8.0,0.0,18.1,16.7,61.0,962.2,10.1,21.8,2.0,17.0,0.0,0.0,0.0,0.0,0.0,0.0,0.0,0.0,16.3,14.8,65.0,1018.9,10.2,19.2,24.0,32.0,0.0,0.0,0.0,4.0,0.0,0.0,4.0,0.0,1.6999999999999993,0.0,2026-08-11 02:00:00,55.54399871826172,34.52000045776367,83.55000305175781
1786417200000,140.04,2026-08-11 03:00:00,15.6,12.2,65.0,1021.8,20.7,32.1,309.0,310.0,0.0,0.0,0.0,35.0,35.0,0.0,0.0,0.0,17.4,16.1,64.0,962.2,9.4,20.4,360.0,21.0,0.0,0.0,0.0,0.0,0.0,0.0,0.0,0.0,15.5,14.1,69.0,1019.4,9.5,18.3,29.0,39.0,0.0,0.0,0.0,0.0,0.0,0.0,0.0,0.0,2.5,0.0,2026-08-11 03:00:00,55.54399871826172,34.52000045776367,83.55000305175781
1786420800000,156.79,2026-08-11 04:00:00,15.7,12.4,65.0,1022.2,20.5,31.3,313.0,315.0,0.0,0.0,0.0,40.0,39.0,0.0,1.0,0.0,16.8,15.7,67.0,962.7,9.0,20.0,358.0,16.0,0.0,0.0,0.0,0.0,0.0,0.0,0.0,0.0,14.9,13.6,72.0,1019.5,8.8,17.6,33.0,43.0,0.0,0.0,0.0,0.0,0.0,0.0,0.0,0.0,3.0999999999999996,0.0,2026-08-11 04:00:00,55.54399871826172,34.52000045776367,83.55000305175781
1786424400000,157.86,2026-08-11 05:00:00,16.0,12.8,64.0,1022.7,20.4,30.0,312.0,315.0,29.0,149.6,17.0,66.0,66.0,0.0,0.0,0.0,17.3,16.5,66.0,963.4,7.2,16.4,1.0,24.0,35.0,203.7,17.0,0.0,0.0,0.0,0.0,0.0,14.7,13.5,74.0,1019.7,8.5,16.8,32.0,45.0,18.0,118.6,10.0,0.0,0.0,0.0,0.0,0.0,3.3000000000000007,0.0,2026-08-11 05:00:00,55.54399871826172,34.52000045776367,83.55000305175781
1786428000000,143.79,2026-08-11 06:00:00,16.4,13.0,62.0,1023.3,21.6,29.2,319.0,320.0,119.0,264.7,64.0,29.0,29.0,0.0,0.0,0.0,18.7,17.6,61.0,964.2,8.8,13.9,12.0,20.0,166.0,486.4,55.0,21.0,0.0,0.0,21.0,0.0,15.7,14.6,70.0,1020.6,7.6,12.4,31.0,42.0,129.0,446.0,47.0,5.0,0.0,0.0,5.0,0.0,2.3000000000000007,0.0,2026-08-11 06:00:00,55.54399871826172,34.52000045776367,83.55000305175781
1786431600000,110.82,2026-08-11 07:00:00,16.9,13.4,61.0,1023.7,22.9,29.8,324.0,324.0,270.0,492.0,95.0,15.0,15.0,0.0,0.0,0.0,20.6,19.4,55.0,964.5,10.3,14.4,19.0,23.0,329.0,640.8,79.0,52.0,0.0,0.0,52.0,0.0,17.2,16.0,62.0,1020.8,7.6,11.0,43.0,49.0,284.0,631.7,69.0,2.0,0.0,0.0,2.0,0.0,0.8000000000000007,0.0,2026-08-11 07:00:00,55.54399871826172,34.52000045776367,83.55000305175781
1786435200000,57.85,2026-08-11 08:00:00,17.3,14.0,59.0,1024.3,21.6,27.5,319.0,319.0,396.0,516.3,141.0,23.0,23.0,0.0,0.0,0.0,22.2,21.0,49.0,964.9,10.0,13.6,14.0,15.0,487.0,718.0,100.0,39.0,0.0,0.0,39.0,0.0,18.8,17.3,52.0,1020.9,8.0,11.4,36.0,41.0,445.0,742.4,83.0,0.0,0.0,0.0,0.0,0.0,0.0,0.8000000000000007,2026-08-11 08:00:00,55.54399871826172,34.52000045776367,83.55000305175781
1786438800000,9.53,2026-08-11 09:00:00,17.8,14.4,55.0,1025.1,20.8,26.3,313.0,312.0,493.0,476.5,201.0,94.0,94.0,0.0,1.0,0.0,23.6,23.0,45.0,965.4,9.3,12.1,10.0,11.0,628.0,779.3,110.0,28.0,0.0,0.0,28.0,0.0,20.4,18.6,43.0,1021.1,9.4,13.2,35.0,38.0,590.0,809.0,92.0,0.0,0.0,0.0,0.0,0.0,0.0,2.3999999999999986,2026-08-11 09:00:00,55.54399871826172,34.52000045776367,83.55000305175781
1786442400000,0.02,2026-08-11 10:00:00,18.0,14.6,52.0,1025.4,20.0,25.0,312.0,311.0,514.0,350.7,267.0,94.0,94.0,0.0,2.0,0.0,24.9,24.9,41.0,965.6,9.4,12.1,5.0,7.0,738.0,822.6,114.0,30.0,0.0,0.0,30.0,0.0,21.9,20.3,36.0,1021.1,10.3,14.2,38.0,40.0,704.0,845.5,99.0,0.0,0.0,0.0,0.0,0.0,0.0,3.8999999999999986,2026-08-11 10:00:00,55.54399871826172,34.52000045776367,83.55000305175781
1786446000000,-0.1,2026-08-11 11:00:00,18.3,15.2,50.0,1025.5,19.6,24.2,313.0,311.0,622.0,459.2,272.0,49.0,47.0,0.0,4.0,0.0,26.0,26.2,38.0,965.6,9.5,12.2,358.0,359.0,803.0,844.9,115.0,0.0,0.0,0.0,0.0,0.0,23.2,21.8,30.0,1021.0,9.9,13.9,42.0,43.0,779.0,867.1,102.0,0.0,0.0,0.0,0.0,0.0,0.0,5.199999999999999,2026-08-11 11:00:00,55.54399871826172,34.52000045776367,83.55000305175781
1786449600000,-0.09,2026-08-11 12:00:00,18.4,15.5,48.0,1025.7,19.2,23.7,316.0,315.0,663.0,484.3,284.0,77.0,70.0,0.0,25.0,0.0,26.7,26.8,36.0,965.5,10.3,13.4,354.0,355.0,821.0,862.4,107.0,0.0,0.0,0.0,0.0,0.0,24.3,23.0,27.0,1020.8,9.6,13.1,43.0,44.0,811.0,879.0,102.0,0.0,0.0,0.0,0.0,0.0,0.0,6.300000000000001,2026-08-11 12:00:00,55.54399871826172,34.52000045776367,83.55000305175781
1786453200000,3.14,2026-08-11 13:00:00,18.2,15.3,50.0,1025.8,19.5,24.2,319.0,318.0,658.0,548.5,239.0,100.0,100.0,0.0,54.0,0.0,27.0,26.6,33.0,965.1,10.9,14.3,353.0,354.0,787.0,852.6,106.0,0.0,0.0,0.0,0.0,0.0,25.1,23.6,26.0,1020.3,9.9,13.5,35.0,37.0,793.0,875.7,100.0,0.0,0.0,0.0,0.0,0.0,0.0,7.100000000000001,2026-08-11 13:00:00,55.54399871826172,34.52000045776367,83.55000305175781
1786456800000,44.48,2026-08-11 14:00:00,18.0,14.8,51.0,1026.0,18.6,23.1,322.0,322.0,569.0,443.8,255.0,63.0,57.0,0.0,15.0,0.0,27.1,26.0,31.0,964.7,10.8,14.2,1.0,1.0,708.0,834.7,100.0,0.0,0.0,0.0,0.0,0.0,25.6,23.5,25.0,1019.8,10.9,15.1,31.0,32.0,730.0,861.2,96.0,31.0,0.0,0.0,31.0,0.0,0.0,7.600000000000001,2026-08-11 14:00:00,55.54399871826172,34.52000045776367,83.55000305175781
1786460400000,109.88,2026-08-11 15:00:00,17.9,14.6,51.0,1026.0,17.6,21.8,327.0,326.0,532.0,605.9,158.0,54.0,38.0,0.0,26.0,0.0,27.0,24.9,30.0,964.5,11.7,15.5,13.0,13.0,589.0,799.1,92.0,0.0,0.0,0.0,0.0,0.0,25.8,23.0,25.0,1019.3,11.7,16.5,29.0,30.0,622.0,819.1,94.0,0.0,0.0,0.0,0.0,0.0,0.0,7.800000000000001,2026-08-11 15:00:00,55.54399871826172,34.52000045776367,83.55000305175781
1786464000000,146.5,2026-08-11 16:00:00,17.8,14.5,49.0,1025.9,17.0,21.2,330.0,330.0,406.0,532.9,140.0,77.0,70.0,0.0,26.0,0.0,26.5,23.9,29.0,964.4,12.0,16.5,22.0,22.0,439.0,733.7,82.0,0.0,0.0,0.0,0.0,0.0,25.6,22.4,26.0,1019.0,12.4,17.4,30.0,31.0,485.0,770.5,82.0,0.0,0.0,0.0,0.0,0.0,0.0,7.600000000000001,2026-08-11 16:00:00,55.54399871826172,34.52000045776367,83.55000305175781
1786467600000,178.29,2026-08-11 17:00:00,17.2,14.2,53.0,1025.9,16.3,20.7,335.0,335.0,268.0,464.9,100.0,48.0,40.0,0.0,15.0,0.0,25.7,22.8,27.0,964.7,11.5,16.9,31.0,31.0,273.0,624.6,66.0,0.0,0.0,0.0,0.0,0.0,25.0,21.9,28.0,1019.0,12.9,18.6,33.0,36.0,326.0,674.4,70.0,0.0,0.0,0.0,0.0,0.0,0.0,7.0,2026-08-11 17:00:00,55.54399871826172,34.52000045776367,83.55000305175781
1786471200000,198.98,2026-08-11 18:00:00,16.8,14.0,55.0,1026.0,14.9,19.6,338.0,338.0,138.0,337.7,66.0,28.0,25.0,0.0,5.0,0.0,24.0,21.3,28.0,965.1,8.9,18.4,38.0,40.0,115.0,431.1,43.0,0.0,0.0,0.0,0.0,0.0,24.0,21.3,32.0,1019.4,12.2,18.7,43.0,45.0,166.0,513.0,51.0,0.0,0.0,0.0,0.0,0.0,0.0,6.0,2026-08-11 18:00:00,55.54399871826172,34.52000045776367,83.55000305175781
1786474800000,189.34,2026-08-11 19:00:00,16.4,14.0,57.0,1026.1,12.4,18.5,344.0,344.0,32.0,157.0,19.0,48.0,42.0,0.0,10.0,0.0,21.7,18.3,28.0,965.4,11.7,24.4,44.0,47.0,11.0,68.9,7.0,0.0,0.0,0.0,0.0,0.0,22.7,20.4,37.0,1019.9,10.5,18.2,55.0,60.0,38.0,229.4,18.0,0.0,0.0,0.0,0.0,0.0,0.0,4.699999999999999,2026-08-11 19:00:00,55.54399871826172,34.52000045776367,83.55000305175781
1786478400000,172.92,2026-08-11 20:00:00,16.3,14.2,57.0,1026.4,10.0,15.9,354.0,355.0,0.0,0.0,0.0,63.0,60.0,0.0,7.0,0.0,20.2,16.4,29.0,965.8,13.6,27.3,42.0,43.0,0.0,0.0,0.0,0.0,0.0,0.0,0.0,0.0,21.4,19.3,41.0,1020.5,10.1,18.6,71.0,74.0,0.0,0.0,0.0,0.0,0.0,0.0,0.0,0.0,0.0,3.3999999999999986,2026-08-11 20:00:00,55.54399871826172,34.52000045776367,83.55000305175781
1786482000000,154.1,2026-08-11 21:00:00,16.1,14.4,57.0,1026.8,6.8,13.0,360.0,2.0,0.0,0.0,0.0,69.0,37.0,0.0,50.0,0.0,19.1,15.2,33.0,966.1,14.4,29.5,41.0,43.0,0.0,0.0,0.0,0.0,0.0,0.0,0.0,0.0,20.4,18.5,44.0,1021.0,9.0,17.8,68.0,69.0,0.0,0.0,0.0,0.0,0.0,0.0,0.0,0.0,0.0,2.3999999999999986,2026-08-11 21:00:00,55.54399871826172,34.52000045776367,83.55000305175781
1786485600000,155.28,2026-08-11 22:00:00,15.4,14.6,73.0,1026.9,6.3,12.6,77.0,38.0,0.0,0.0,0.0,77.0,77.0,0.0,0.0,0.0,17.1,14.9,45.0,966.1,6.6,22.6,68.0,61.0,0.0,0.0,0.0,0.0,0.0,0.0,0.0,0.0,18.4,16.8,49.0,1020.9,6.6,15.9,45.0,58.0,0.0,0.0,0.0,0.0,0.0,0.0,0.0,0.0,0.0,0.3999999999999986,2026-08-11 22:00:00,60.79800033569336,34.209999084472656,87.72000122070312
1786489200000,149.51,2026-08-11 23:00:00,14.8,14.4,79.0,1027.0,4.7,10.5,94.0,45.0,0.0,0.0,0.0,68.0,68.0,0.0,0.0,0.0,16.2,14.0,48.0,966.2,6.9,24.0,62.0,64.0,0.0,0.0,0.0,0.0,0.0,0.0,0.0,0.0,17.4,15.7,52.0,1021.1,6.9,18.2,39.0,58.0,0.0,0.0,0.0,0.0,0.0,0.0,0.0,0.0,0.6000000000000014,0.0,2026-08-11 23:00:00,60.79800033569336,34.209999084472656,87.72000122070312
1786492800000,143.3,2026-08-12 00:00:00,13.9,13.7,83.0,1027.2,3.5,7.5,156.0,49.0,0.0,0.0,0.0,0.0,0.0,0.0,0.0,0.0,15.5,13.5,52.0,966.0,6.8,23.5,65.0,64.0,0.0,0.0,0.0,0.0,0.0,0.0,0.0,0.0,16.5,14.9,55.0,1021.1,6.1,19.9,45.0,67.0,0.0,0.0,0.0,0.0,0.0,0.0,0.0,0.0,1.5,0.0,2026-08-12 00:00:00,60.79800033569336,34.209999084472656,87.72000122070312
1786496400000,139.75,2026-08-12 01:00:00,12.3,11.8,89.0,1027.2,4.4,8.3,125.0,70.0,0.0,0.0,0.0,30.0,30.0,0.0,0.0,0.0,14.7,12.9,56.0,966.1,6.2,21.4,69.0,68.0,0.0,0.0,0.0,0.0,0.0,0.0,0.0,0.0,15.9,14.5,59.0,1020.9,5.6,18.5,40.0,69.0,0.0,0.0,0.0,0.0,0.0,0.0,0.0,0.0,2.0999999999999996,0.0,2026-08-12 01:00:00,60.79800033569336,34.209999084472656,87.72000122070312
1786500000000,139.9,2026-08-12 02:00:00,12.3,11.8,89.0,1027.3,4.0,9.0,170.0,101.0,0.0,0.0,0.0,71.0,71.0,0.0,1.0,0.0,14.1,12.4,61.0,966.1,5.8,19.6,60.0,67.0,0.0,0.0,0.0,0.0,0.0,0.0,0.0,0.0,15.3,14.1,61.0,1020.9,4.5,17.7,61.0,77.0,0.0,0.0,0.0,0.0,0.0,0.0,0.0,0.0,2.6999999999999993,0.0,2026-08-12 02:00:00,60.79800033569336,34.209999084472656,87.72000122070312
1786503600000,153.5,2026-08-12 03:00:00,12.1,11.7,89.0,1027.3,3.6,11.5,135.0,130.0,0.0,0.0,0.0,0.0,0.0,0.0,0.0,0.0,13.6,12.1,64.0,966.2,4.5,16.6,61.0,66.0,0.0,0.0,0.0,0.0,0.0,0.0,0.0,0.0,14.9,13.7,63.0,1020.7,4.4,14.5,55.0,89.0,0.0,0.0,0.0,0.0,0.0,0.0,0.0,0.0,3.0999999999999996,0.0,2026-08-12 03:00:00,60.79800033569336,34.209999084472656,87.72000122070312
1786507200000,172.58,2026-08-12 04:00:00,11.6,10.9,91.0,1027.5,5.1,13.7,98.0,125.0,0.0,0.0,0.0,65.0,65.0,0.0,0.0,0.0,13.0,11.7,68.0,966.6,4.1,17.4,75.0,69.0,0.0,0.0,0.0,0.0,0.0,0.0,0.0,0.0,14.7,13.6,64.0,1020.8,3.7,11.5,61.0,101.0,0.0,0.0,0.0,0.0,0.0,0.0,0.0,0.0,3.3000000000000007,0.0,2026-08-12 04:00:00,60.79800033569336,34.209999084472656,87.72000122070312
1786510800000,167.54,2026-08-12 05:00:00,11.7,10.8,90.0,1027.8,6.3,15.3,121.0,119.0,26.5,63.5,21.5,5.0,5.0,0.0,0.0,0.0,13.2,11.9,69.0,967.1,4.7,17.2,58.0,64.0,32.0,118.2,21.8,0.0,0.0,0.0,0.0,0.0,14.5,13.5,65.0,1020.9,3.1,10.9,69.0,111.0,15.3,41.8,12.5,0.0,0.0,0.0,0.0,0.0,3.5,0.0,2026-08-12 05:00:00,60.79800033569336,34.209999084472656,87.72000122070312
1786514400000,155.21,2026-08-12 06:00:00,12.2,10.9,83.0,1028.1,7.8,15.6,103.0,118.0,133.8,319.9,68.3,0.0,0.0,0.0,0.0,0.0,14.6,13.4,66.0,967.5,5.8,15.8,60.0,66.0,159.0,418.1,65.0,0.0,0.0,0.0,0.0,0.0,15.8,15.0,63.0,1021.3,2.5,10.5,98.0,123.0,113.0,302.2,58.5,0.0,0.0,0.0,0.0,0.0,2.1999999999999993,0.0,2026-08-12 06:00:00,60.79800033569336,34.209999084472656,87.72000122070312
1786518000000,128.73,2026-08-12 07:00:00,14.0,12.6,76.0,1028.3,8.9,11.7,122.0,115.0,278.0,526.2,92.3,10.0,9.0,0.0,2.0,0.0,16.8,15.5,60.0,967.8,7.6,10.4,65.0,66.0,324.0,602.6,90.8,0.0,0.0,0.0,0.0,0.0,17.9,17.1,53.0,1021.4,2.3,8.1,108.0,124.0,260.0,502.9,90.5,0.0,0.0,0.0,0.0,0.0,0.10000000000000142,0.0,2026-08-12 07:00:00,60.79800033569336,34.209999084472656,87.72000122070312
1786521600000,87.59,2026-08-12 08:00:00,16.0,14.6,67.0,1028.2,9.3,9.0,106.0,111.0,428.8,653.3,107.8,0.0,0.0,0.0,0.0,0.0,19.3,17.9,54.0,968.1,9.0,11.5,67.0,67.0,489.5,716.1,105.5,0.0,0.0,0.0,0.0,0.0,20.4,19.4,44.0,1021.4,2.4,5.7,117.0,120.0,419.0,639.3,109.3,0.0,0.0,0.0,0.0,0.0,0.0,2.3999999999999986,2026-08-12 08:00:00,60.79800033569336,34.209999084472656,87.72000122070312
1786525200000,40.34,2026-08-12 09:00:00,17.3,15.7,60.0,1028.2,10.4,10.6,88.0,90.0,563.5,727.5,119.5,1.0,0.0,0.0,1.0,0.0,21.6,20.7,46.0,968.2,8.9,10.4,76.0,72.0,635.5,788.4,113.5,0.0,0.0,0.0,0.0,0.0,22.8,21.9,37.0,1021.4,2.2,4.1,99.0,110.0,565.8,728.0,119.8,0.0,0.0,0.0,0.0,0.0,0.0,4.800000000000001,2026-08-12 09:00:00,60.79800033569336,34.209999084472656,87.72000122070312
1786528800000,14.75,2026-08-12 10:00:00,18.4,17.3,56.0,1027.9,10.5,11.6,82.0,78.0,665.3,748.8,139.8,18.0,0.0,0.0,18.0,0.0,23.6,23.6,40.0,968.1,7.1,9.4,75.0,70.0,748.0,833.2,118.0,0.0,0.0,0.0,0.0,0.0,25.0,24.7,32.0,1021.0,2.9,4.2,83.0,85.0,684.5,786.1,124.3,0.0,0.0,0.0,0.0,0.0,0.0,7.0,2026-08-12 10:00:00,60.79800033569336,34.209999084472656,87.72000122070312
1786532400000,3.55,2026-08-12 11:00:00,19.5,19.0,52.0,1027.6,10.1,11.0,84.0,73.0,737.5,795.8,133.0,0.0,0.0,0.0,0.0,0.0,24.9,25.3,35.0,968.0,6.3,8.1,66.0,61.0,817.5,860.5,119.0,0.0,0.0,0.0,0.0,0.0,26.8,27.2,30.0,1020.5,2.3,4.6,72.0,81.0,762.0,818.9,125.0,1.0,0.0,0.0,1.0,0.0,0.0,8.8,2026-08-12 11:00:00,60.79800033569336,34.209999084472656,87.72000122070312
1786536000000,14.97,2026-08-12 12:00:00,20.7,20.6,50.0,1027.5,9.4,10.8,86.0,79.0,762.5,815.7,126.5,30.0,0.0,0.0,30.0,0.0,26.1,26.1,29.0,967.8,6.4,8.0,47.0,49.0,838.8,874.2,117.3,0.0,0.0,0.0,0.0,0.0,28.7,28.5,23.0,1020.2,4.7,6.7,86.0,84.0,792.5,832.1,123.8,16.0,0.0,0.0,16.0,0.0,0.0,10.7,2026-08-12 12:00:00,60.79800033569336,34.209999084472656,87.72000122070312
1786539600000,40.74,2026-08-12 13:00:00,21.7,21.3,45.0,1027.3,9.0,9.9,85.0,84.0,736.3,785.8,138.5,70.0,0.0,0.0,70.0,0.0,26.9,26.9,28.0,967.6,5.7,7.1,55.0,63.0,807.5,873.5,112.3,0.0,0.0,0.0,0.0,0.0,30.0,29.8,22.0,1019.8,4.7,7.1,81.0,70.0,779.0,836.9,119.3,7.0,0.0,0.0,7.0,0.0,0.0,12.0,2026-08-12 13:00:00,60.79800033569336,34.209999084472656,87.72000122070312
1786543200000,97.71,2026-08-12 14:00:00,22.5,21.5,42.0,1027.0,9.7,10.3,86.0,82.0,668.0,751.1,139.3,73.0,0.0,0.0,73.0,0.0,27.5,26.9,27.0,967.3,6.5,8.8,71.0,50.0,724.0,852.6,105.5,0.0,0.0,0.0,0.0,0.0,30.7,30.0,24.0,1019.4,7.6,11.5,45.0,43.0,714.5,823.5,111.0,1.0,0.0,0.0,1.0,0.0,0.0,12.7,2026-08-12 14:00:00,60.79800033569336,34.209999084472656,87.72000122070312
1786546800000,140.59,2026-08-12 15:00:00,23.0,21.7,44.0,1026.6,9.8,10.7,84.0,81.0,569.5,738.3,116.8,41.0,0.0,0.0,41.0,0.0,27.6,25.9,26.0,967.1,8.0,12.7,63.0,44.0,601.5,818.4,95.3,0.0,0.0,0.0,0.0,0.0,30.7,29.4,27.0,1019.0,10.0,14.7,38.0,48.0,608.3,788.5,102.8,0.0,0.0,0.0,0.0,0.0,0.0,12.7,2026-08-12 15:00:00,60.79800033569336,34.209999084472656,87.72000122070312
1786550400000,183.52,2026-08-12 16:00:00,23.3,21.9,45.0,1026.3,10.5,11.6,86.0,88.0,439.3,686.8,99.5,17.0,0.0,0.0,17.0,0.0,27.0,23.9,20.0,966.9,9.2,12.2,45.0,78.0,449.0,756.5,83.8,0.0,0.0,0.0,0.0,0.0,30.6,29.1,28.0,1018.7,10.5,16.9,52.0,54.0,469.5,724.7,93.3,0.0,0.0,0.0,0.0,0.0,0.0,12.600000000000001,2026-08-12 16:00:00,60.79800033569336,34.209999084472656,87.72000122070312
1786554000000,300.0,2026-08-12 17:00:00,23.1,21.6,44.0,1026.2,10.8,13.8,88.0,94.0,283.8,533.0,93.8,79.0,0.0,0.0,79.0,0.0,25.7,23.3,27.0,966.8,8.4,17.5,70.0,81.0,278.8,638.5,69.8,0.0,0.0,0.0,0.0,0.0,30.0,27.9,27.0,1018.6,12.1,20.5,53.0,58.0,314.0,622.5,80.3,0.0,0.0,0.0,0.0,0.0,0.0,12.0,2026-08-12 17:00:00,60.79800033569336,34.209999084472656,87.72000122070312
1786557600000,300.21,2026-08-12 18:00:00,22.3,21.2,49.0,1026.2,9.4,15.9,83.0,94.0,142.8,378.6,64.0,61.0,0.0,0.0,61.0,0.0,23.6,22.1,36.0,966.7,5.8,19.5,68.0,68.0,114.3,418.2,46.3,0.0,0.0,0.0,0.0,0.0,28.7,26.4,27.0,1018.6,11.9,24.8,61.0,62.0,158.8,451.6,59.5,0.0,0.0,0.0,0.0,0.0,0.0,10.7,2026-08-12 18:00:00,60.79800033569336,34.209999084472656,87.72000122070312
1786561200000,229.62,2026-08-12 19:00:00,20.4,19.8,60.0,1026.0,9.1,20.5,83.0,85.0,31.8,99.7,23.8,96.0,0.0,0.0,96.0,0.0,21.0,19.4,42.0,966.9,6.5,21.7,90.0,78.0,10.5,49.3,7.8,0.0,0.0,0.0,0.0,0.0,26.7,24.5,29.0,1018.6,10.3,26.0,61.0,65.0,35.0,147.0,22.5,0.0,0.0,0.0,0.0,0.0,0.0,8.7,2026-08-12 19:00:00,60.79800033569336,34.209999084472656,87.72000122070312
1786564800000,190.66,2026-08-12 20:00:00,19.0,18.3,67.0,1025.9,10.1,25.8,90.0,94.0,0.5,0.0,0.0,100.0,0.0,0.0,100.0,0.0,19.3,17.1,40.0,967.0,7.2,24.4,93.0,72.0,0.0,0.0,0.0,0.0,0.0,0.0,0.0,0.0,24.9,22.7,33.0,1018.6,10.5,31.9,68.0,72.0,0.0,0.0,0.0,0.0,0.0,0.0,0.0,0.0,0.0,6.899999999999999,2026-08-12 20:00:00,60.79800033569336,34.209999084472656,87.72000122070312
1786568400000,172.1,2026-08-12 21:00:00,17.8,16.9,70.0,1025.9,10.3,28.8,102.0,112.0,0.0,0.0,0.0,100.0,0.0,0.0,100.0,0.0,18.0,16.0,44.0,967.2,6.5,25.0,90.0,74.0,0.3,0.0,0.0,0.0,0.0,0.0,0.0,0.0,23.2,21.6,38.0,1018.9,7.2,27.1,93.0,106.0,0.0,0.0,0.0,0.0,0.0,0.0,0.0,0.0,0.0,5.199999999999999,2026-08-12 21:00:00,60.79800033569336,34.209999084472656,87.72000122070312
